label,act,r_t,x,seed,change,secant,peak
ReLU rt4 e2.0,relu,4,0.08,5,-0.02839250886713318,-7.098127216783296e-06,0.0015481990560551257
ReLU rt4 e2.0,relu,4,0.08,11,-0.040740324582540066,-1.0185081145635016e-05,0.0015821163271200077
ReLU rt4 e2.0,relu,4,0.08,23,-0.023905119775124772,-5.976279943781193e-06,0.0014043254493162412
ReLU rt4 e2.0,relu,4,0.08,37,-0.03978982946980514,-9.947457367451285e-06,0.0016146967973460922
ReLU rt4 e2.0,relu,4,0.08,41,-0.025085430647546536,-6.271357661886634e-06,0.0015212335747990932
ReLU rt4 e2.0,relu,4,0.08,53,-0.01051164506375002,-2.627911265937505e-06,0.0014163198029010877
ReLU rt4 e2.0,relu,4,0.08,67,-0.007223098039817577,-1.8057745099543943e-06,0.0014552644620259064
ReLU rt4 e2.0,relu,4,0.08,71,-0.06518812401309382,-1.6297031003273455e-05,0.0014775890302726406
ReLU rt4 e2.0,relu,4,0.08,83,-0.03113341381022461,-7.783353452556152e-06,0.0016070705086252788
ReLU rt4 e2.0,relu,4,0.08,97,-0.01839792860181111,-4.599482150452777e-06,0.0014879480892108343
ReLU rt4 e2.0,relu,4,0.08,101,-0.042203292455273544,-1.0550823113818386e-05,0.0016849098855398136
ReLU rt4 e2.0,relu,4,0.08,103,-0.02391902540259827,-5.979756350649568e-06,0.0014335916910097565
ReLU rt4 e2.0,relu,4,0.08,107,-0.025499197805120444,-6.3747994512801106e-06,0.0015706955959581645
ReLU rt4 e2.0,relu,4,0.08,109,-0.006796871238764601,-1.6992178096911504e-06,0.0014273110618352896
ReLU rt4 e2.0,relu,4,0.08,113,-0.025716535928978934,-6.429133982244734e-06,0.001528549247598535
ReLU rt4 e2.0,relu,4,0.08,127,-0.023967677779256236,-5.991919444814059e-06,0.001453972322078967
ReLU rt4 e2.0,relu,4,0.08,131,-0.02609350108095032,-6.52337527023758e-06,0.0014767115728102748
ReLU rt4 e2.0,relu,4,0.08,137,-0.0034345242071417426,-8.586310517854357e-07,0.0015033890526464533
ReLU rt4 e2.0,relu,4,0.08,139,-0.03283246911938453,-8.208117279846133e-06,0.0015494209264184852
ReLU rt4 e2.0,relu,4,0.08,149,-0.02437632973645254,-6.094082434113135e-06,0.001549478262968291
ReLU rt4 e2.0,relu,4,0.08,151,-0.025826293924710697,-6.4565734811776745e-06,0.0015395430371852735
ReLU rt4 e2.0,relu,4,0.08,157,-0.038512161901141595,-9.628040475285399e-06,0.0016412190006261367
ReLU rt4 e2.0,relu,4,0.08,163,-0.02356883347677763,-5.892208369194407e-06,0.0015217862607495214
ReLU rt4 e2.0,relu,4,0.08,167,-0.01575198981846604,-3.93799745461651e-06,0.0015146070845394593
ReLU rt4 e2.0,relu,4,0.08,173,-0.044005221268894834,-1.1001305317223708e-05,0.0015495216138901805
ReLU rt4 e2.0,relu,4,0.08,179,-0.03568588829484487,-8.921472073711217e-06,0.0014848711930154678
ReLU rt4 e2.0,relu,4,0.08,181,-0.013241448264176947,-3.3103620660442366e-06,0.0014706366934099662
ReLU rt4 e2.0,relu,4,0.08,191,-0.02117840825342865,-5.294602063357162e-06,0.0013728896025729962
ReLU rt4 e2.0,relu,4,0.08,193,-0.03693952312133697,-9.234880780334243e-06,0.00162598315304057
ReLU rt4 e2.0,relu,4,0.08,197,-0.03439102458425469,-8.597756146063673e-06,0.0015773462632546463
ReLU rt4 e2.0,relu,4,0.08,199,-0.023772309610102127,-5.943077402525532e-06,0.0016212025119009784
ReLU rt4 e2.0,relu,4,0.08,211,-0.004921039029195162,-1.2302597572987906e-06,0.0014005755091973668
ReLU rt4 e2.0,relu,4,0.08,223,-0.03661979377269864,-9.154948443174659e-06,0.0015384411563548635
ReLU rt4 e2.0,relu,4,0.08,227,-0.02078869679159101,-5.197174197897753e-06,0.001574901377902515
ReLU rt4 e2.0,relu,4,0.08,229,-0.03377362007095508,-8.44340501773877e-06,0.001543555985681705
ReLU rt4 e2.0,relu,4,0.08,233,-0.028032416456530096,-7.0081041141325236e-06,0.0014925584941585122
ReLU rt4 e2.0,relu,4,0.08,239,-0.036103902490986384,-9.025975622746596e-06,0.0015778424323128315
ReLU rt4 e2.0,relu,4,0.08,241,-0.026889750843656857,-6.7224377109142145e-06,0.0015079842120969238
ReLU rt4 e2.0,relu,4,0.08,251,-0.023453274343778197,-5.8633185859445495e-06,0.0015080485878399786
ReLU rt4 e2.0,relu,4,0.08,257,-0.04745995402841896,-1.186498850710474e-05,0.0016302269380305623
ReLU rt4 e2.0,relu,4,0.08,263,-0.030679762260052867,-7.669940565013218e-06,0.0016928278525511881
ReLU rt4 e2.0,relu,4,0.08,269,-0.02624457123270918,-6.561142808177295e-06,0.0016042408736481278
ReLU rt4 e2.0,relu,4,0.08,271,-0.013064128871777214,-3.2660322179443037e-06,0.0015185733293402552
ReLU rt4 e2.0,relu,4,0.08,277,-0.031409950051560664,-7.852487512890167e-06,0.0016083953702189068
ReLU rt4 e2.0,relu,4,0.08,281,-0.038926406734976604,-9.731601683744151e-06,0.001550140075014875
ReLU rt4 e2.0,relu,4,0.08,283,-0.02771529962205188,-6.9288249055129704e-06,0.001546725784928026
ReLU rt4 e2.0,relu,4,0.08,293,-0.030852317641944293,-7.713079410486073e-06,0.0014570325194940492
ReLU rt4 e2.0,relu,4,0.08,307,-0.027833952961063835,-6.958488240265959e-06,0.001406396119002591
ReLU rt4 e2.0,relu,4,0.08,311,-0.03727784899936504,-9.319462249841259e-06,0.001555944273845633
ReLU rt4 e2.0,relu,4,0.08,313,-0.025868750182120426,-6.467187545530107e-06,0.001452849828960822
ReLU rt6 e1.5,relu,6,0.12,5,0.020440968120897796,5.1102420302244485e-06,0.0014361045467682098
ReLU rt6 e1.5,relu,6,0.12,11,0.01602754476879864,4.0068861921996605e-06,0.0010210807390994042
ReLU rt6 e1.5,relu,6,0.12,23,0.01413159345051862,3.532898362629655e-06,0.0015443866129760315
ReLU rt6 e1.5,relu,6,0.12,37,0.01386098803461222,3.465247008653055e-06,0.001382574347899666
ReLU rt6 e1.5,relu,6,0.12,41,0.01589681150380562,3.974202875951405e-06,0.001330098880972639
ReLU rt6 e1.5,relu,6,0.12,53,0.019945265795909495,4.986316448977374e-06,0.0012253069108760753
ReLU rt6 e1.5,relu,6,0.12,67,0.03213678222873817,8.034195557184542e-06,0.0015408813253428263
ReLU rt6 e1.5,relu,6,0.12,71,0.014778280789249698,3.6945701973124247e-06,0.000612328875399062
ReLU rt6 e1.5,relu,6,0.12,83,0.016732241265318692,4.183060316329673e-06,0.0013832935430589436
ReLU rt6 e1.5,relu,6,0.12,97,0.0015904100585975023,3.9760251464937556e-07,0.000804564868148867
ReLU rt6 e1.5,relu,6,0.12,101,0.028095760062939457,7.023940015734864e-06,0.0013106675432604164
ReLU rt6 e1.5,relu,6,0.12,103,0.022940350455741276,5.735087613935319e-06,0.0010395049795992896
ReLU rt6 e1.5,relu,6,0.12,107,0.024396012445965343,6.099003111491335e-06,0.0010913480944746263
ReLU rt6 e1.5,relu,6,0.12,109,0.015228380759344962,3.8070951898362402e-06,0.0009534317518130335
ReLU rt6 e1.5,relu,6,0.12,113,0.012510888160339628,3.127722040084907e-06,0.0010098733416844556
ReLU rt6 e1.5,relu,6,0.12,127,0.004477682586365717,1.119420646591429e-06,0.0006951137796035659
ReLU rt6 e1.5,relu,6,0.12,131,0.006326425416266379,1.5816063540665948e-06,0.0007650317096441175
ReLU rt6 e1.5,relu,6,0.12,137,0.01897595111873407,4.743987779683517e-06,0.0013670414587222976
ReLU rt6 e1.5,relu,6,0.12,139,0.007137311117860978,1.7843277794652446e-06,0.0006223058852372549
ReLU rt6 e1.5,relu,6,0.12,149,0.03155031627539273,7.887579068848183e-06,0.0005977295674446167
ReLU rt6 e1.5,relu,6,0.12,151,0.027178977139941107,6.794744284985277e-06,0.0011783019023589181
ReLU rt6 e1.5,relu,6,0.12,157,0.01952528875827153,4.881322189567882e-06,0.00128048443529272
ReLU rt6 e1.5,relu,6,0.12,163,0.016553268164738455,4.1383170411846135e-06,0.0008357918059260183
ReLU rt6 e1.5,relu,6,0.12,167,0.023777232896815548,5.944308224203887e-06,0.0006258525241163694
ReLU rt6 e1.5,relu,6,0.12,173,0.023610783789053347,5.902695947263337e-06,0.0009398568966291325
ReLU rt6 e1.5,relu,6,0.12,179,0.015413415043951662,3.853353760987915e-06,0.0006678846076537117
ReLU rt6 e1.5,relu,6,0.12,181,0.01565275261246768,3.91318815311692e-06,0.00092115261611428
ReLU rt6 e1.5,relu,6,0.12,191,0.024584267502428703,6.146066875607176e-06,0.0010294778048513748
ReLU rt6 e1.5,relu,6,0.12,193,0.025853490356543163,6.463372589135791e-06,0.0010076171084974102
ReLU rt6 e1.5,relu,6,0.12,197,0.016797428990577568,4.199357247644392e-06,0.0015912973146316393
ReLU rt6 e1.5,relu,6,0.12,199,0.018016036766659083,4.5040091916647705e-06,0.0012685971002409165
ReLU rt6 e1.5,relu,6,0.12,211,0.014372952373889358,3.5932380934723396e-06,0.0011157912251316454
ReLU rt6 e1.5,relu,6,0.12,223,0.014839263257907298,3.7098158144768245e-06,0.0013983411798364175
ReLU rt6 e1.5,relu,6,0.12,227,0.025448497965869232,6.362124491467308e-06,0.0004824500053080921
ReLU rt6 e1.5,relu,6,0.12,229,0.010412480951335068,2.603120237833767e-06,0.0010947993630238341
ReLU rt6 e1.5,relu,6,0.12,233,0.007278410454826578,1.8196026137066446e-06,0.000911301721604241
ReLU rt6 e1.5,relu,6,0.12,239,0.025330945861246956,6.3327364653117394e-06,0.001269219319610027
ReLU rt6 e1.5,relu,6,0.12,241,0.023510441524079106,5.877610381019776e-06,0.0008817839478057248
ReLU rt6 e1.5,relu,6,0.12,251,0.02258072162916791,5.645180407291978e-06,0.0007030851687279252
ReLU rt6 e1.5,relu,6,0.12,257,0.04760490599457534,1.1901226498643836e-05,0.0006010216267097419
ReLU rt6 e1.5,relu,6,0.12,263,0.006177180329570264,1.544295082392566e-06,0.001522449044865203
ReLU rt6 e1.5,relu,6,0.12,269,0.025521263267643035,6.380315816910759e-06,0.0009549920499887399
ReLU rt6 e1.5,relu,6,0.12,271,0.005044281197007172,1.261070299251793e-06,0.0008444823876351986
ReLU rt6 e1.5,relu,6,0.12,277,0.02253127983526193,5.632819958815483e-06,0.0013346631575422738
ReLU rt6 e1.5,relu,6,0.12,281,0.04791402941023726,1.1978507352559314e-05,0.0005651063931706097
ReLU rt6 e1.5,relu,6,0.12,283,0.02040678122642048,5.10169530660512e-06,0.0009654524907488957
ReLU rt6 e1.5,relu,6,0.12,293,0.017717255143515076,4.429313785878769e-06,0.0009235241136269146
ReLU rt6 e1.5,relu,6,0.12,307,0.019827172985693364,4.956793246423341e-06,0.00154156270247484
ReLU rt6 e1.5,relu,6,0.12,311,0.02721268929250975,6.803172323127438e-06,0.001282081691898918
ReLU rt6 e1.5,relu,6,0.12,313,0.026182410718370686,6.545602679592671e-06,0.0004789590123973131
ReLU rt8 e1.5,relu,8,0.16,5,0.1908575311721915,4.7714382793047874e-05,0.0003832253459853601
ReLU rt8 e1.5,relu,8,0.16,11,0.18859356763775748,4.7148391909439366e-05,0.0005321261294898011
ReLU rt8 e1.5,relu,8,0.16,23,0.11668396407057524,2.917099101764381e-05,0.0012010125426526888
ReLU rt8 e1.5,relu,8,0.16,37,0.12629571759735558,3.157392939933889e-05,0.000661423397000396
ReLU rt8 e1.5,relu,8,0.16,41,0.23592175603754162,5.8980439009385405e-05,0.00027987775028211556
ReLU rt8 e1.5,relu,8,0.16,53,0.08949622405876922,2.2374056014692308e-05,0.0008948858950402314
ReLU rt8 e1.5,relu,8,0.16,67,0.21013493154938812,5.253373288734703e-05,0.0004971219843423961
ReLU rt8 e1.5,relu,8,0.16,71,0.1262683163881847,3.156707909704617e-05,0.000996712354930138
ReLU rt8 e1.5,relu,8,0.16,83,0.2608713151731914,6.521782879329785e-05,0.0002795428888953193
ReLU rt8 e1.5,relu,8,0.16,97,0.1713653299342951,4.284133248357377e-05,0.000635784740656224
ReLU rt8 e1.5,relu,8,0.16,101,0.08335510021858972,2.0838775054647428e-05,0.0009409264182939577
ReLU rt8 e1.5,relu,8,0.16,103,0.16487576412056004,4.121894103014001e-05,0.00080480285850733
ReLU rt8 e1.5,relu,8,0.16,107,0.25324294887695764,6.33107372192394e-05,0.0007353098647057717
ReLU rt8 e1.5,relu,8,0.16,109,0.20645479900268182,5.1613699750670455e-05,0.00044966136080063586
ReLU rt8 e1.5,relu,8,0.16,113,0.15610608421751682,3.9026521054379204e-05,0.0008545580318152379
ReLU rt8 e1.5,relu,8,0.16,127,0.125003175485339,3.125079387133475e-05,0.0006784349180023183
ReLU rt8 e1.5,relu,8,0.16,131,0.14208455643336348,3.552113910834087e-05,0.00041387899335227295
ReLU rt8 e1.5,relu,8,0.16,137,0.11000695244464564,2.750173811116141e-05,0.001061773888015006
ReLU rt8 e1.5,relu,8,0.16,139,0.22936436218679845,5.734109054669961e-05,0.0003238126072984917
ReLU rt8 e1.5,relu,8,0.16,149,0.26140186194036485,6.535046548509122e-05,0.0003845250412743907
ReLU rt8 e1.5,relu,8,0.16,151,0.1564067535307816,3.91016883826954e-05,0.0003861276060522667
ReLU rt8 e1.5,relu,8,0.16,157,0.1706158552339222,4.265396380848055e-05,0.00038109353288789683
ReLU rt8 e1.5,relu,8,0.16,163,0.20217262012042458,5.0543155030106144e-05,0.00047420766786938017
ReLU rt8 e1.5,relu,8,0.16,167,0.24068789951478065,6.017197487869516e-05,0.0007730577651717038
ReLU rt8 e1.5,relu,8,0.16,173,0.30241347736601554,7.560336934150389e-05,0.00024630940589420107
ReLU rt8 e1.5,relu,8,0.16,179,0.21197932760066718,5.2994831900166797e-05,0.0009890046040419635
ReLU rt8 e1.5,relu,8,0.16,181,0.18711131393854508,4.677782848463627e-05,0.00026845516402423985
ReLU rt8 e1.5,relu,8,0.16,191,0.15340297513118284,3.835074378279571e-05,0.0011278661054607726
ReLU rt8 e1.5,relu,8,0.16,193,0.20528647637904007,5.132161909476002e-05,0.0003326425771837813
ReLU rt8 e1.5,relu,8,0.16,197,0.12803652918112463,3.200913229528116e-05,0.0005054119561444037
ReLU rt8 e1.5,relu,8,0.16,199,0.17080799859072604,4.270199964768151e-05,0.0007776328386754525
ReLU rt8 e1.5,relu,8,0.16,211,0.12452221250939277,3.113055312734819e-05,0.0007564693111493209
ReLU rt8 e1.5,relu,8,0.16,223,0.2180334762599362,5.4508369064984046e-05,0.0004878719564403345
ReLU rt8 e1.5,relu,8,0.16,227,0.11062229139679547,2.7655572849198868e-05,0.0010655161826574552
ReLU rt8 e1.5,relu,8,0.16,229,0.2561663223808095,6.404158059520237e-05,0.0003755217223982592
ReLU rt8 e1.5,relu,8,0.16,233,0.21140173884501445,5.285043471125361e-05,0.000477099026738268
ReLU rt8 e1.5,relu,8,0.16,239,0.10586998371934964,2.6467495929837407e-05,0.0013104834420710552
ReLU rt8 e1.5,relu,8,0.16,241,0.13114971654606067,3.2787429136515165e-05,0.0007130451490705516
ReLU rt8 e1.5,relu,8,0.16,251,0.11592023914517358,2.8980059786293395e-05,0.00047160572829911285
ReLU rt8 e1.5,relu,8,0.16,257,0.19808279835589404,4.952069958897351e-05,0.0003196327193404502
ReLU rt8 e1.5,relu,8,0.16,263,0.13379819049852737,3.3449547624631844e-05,0.00037694866992150986
ReLU rt8 e1.5,relu,8,0.16,269,0.21168772061264252,5.292193015316063e-05,0.0012880640472129347
ReLU rt8 e1.5,relu,8,0.16,271,0.13372162266796184,3.343040566699046e-05,0.0004741058046179347
ReLU rt8 e1.5,relu,8,0.16,277,0.24105199375193753,6.026299843798438e-05,0.0007334458013040395
ReLU rt8 e1.5,relu,8,0.16,281,0.1603695347862477,4.009238369656193e-05,0.0007534092823911591
ReLU rt8 e1.5,relu,8,0.16,283,0.10875981456226136,2.718995364056534e-05,0.0005656892108147624
ReLU rt8 e1.5,relu,8,0.16,293,0.10546756048949468,2.636689012237367e-05,0.0006680582630612852
ReLU rt8 e1.5,relu,8,0.16,307,0.21299431911354683,5.324857977838671e-05,0.00046167270734111596
ReLU rt8 e1.5,relu,8,0.16,311,0.15076362527479537,3.769090631869884e-05,0.0008237365059205504
ReLU rt8 e1.5,relu,8,0.16,313,0.13811174254150949,3.452793563537737e-05,0.0007049822687730893
ReLU rt12 e1.5,relu,12,0.24,5,0.20436644636366774,5.109161159091694e-05,0.0003123133988104194
ReLU rt12 e1.5,relu,12,0.24,11,0.07693428751397247,1.9233571878493115e-05,0.0011125775640304027
ReLU rt12 e1.5,relu,12,0.24,23,0.08115565060710106,2.0288912651775266e-05,0.001036950131672875
ReLU rt12 e1.5,relu,12,0.24,37,0.05980845106629207,1.4952112766573016e-05,0.0008488894680458477
ReLU rt12 e1.5,relu,12,0.24,41,0.06400396295661248,1.600099073915312e-05,0.001047988930646805
ReLU rt12 e1.5,relu,12,0.24,53,0.07191924620022794,1.7979811550056986e-05,0.001123676376775788
ReLU rt12 e1.5,relu,12,0.24,67,0.08998993901460839,2.2497484753652097e-05,0.0010233157158933358
ReLU rt12 e1.5,relu,12,0.24,71,0.295666271233081,7.391656780827024e-05,0.0004092150413314338
ReLU rt12 e1.5,relu,12,0.24,83,0.15539647687263314,3.884911921815828e-05,0.0007211436490134676
ReLU rt12 e1.5,relu,12,0.24,97,0.12969698158848952,3.242424539712238e-05,0.0009924849062761386
ReLU rt12 e1.5,relu,12,0.24,101,0.07918445145458852,1.979611286364713e-05,0.0010540514189993778
ReLU rt12 e1.5,relu,12,0.24,103,0.032039346128977075,8.009836532244268e-06,0.0015837747873120212
ReLU rt12 e1.5,relu,12,0.24,107,0.0783261127943673,1.9581528198591823e-05,0.0010039280830887027
ReLU rt12 e1.5,relu,12,0.24,109,0.5212964394839115,0.00013032410987097787,0.000237617775177975
ReLU rt12 e1.5,relu,12,0.24,113,0.030953463446180995,7.738365861545249e-06,0.0014886131379791188
ReLU rt12 e1.5,relu,12,0.24,127,0.1977468721149923,4.943671802874808e-05,0.0005538528637291511
ReLU rt12 e1.5,relu,12,0.24,131,0.22855532623524355,5.7138831558810885e-05,0.00020356952696441957
ReLU rt12 e1.5,relu,12,0.24,137,0.07893647939414328,1.973411984853582e-05,0.0007212347954115341
ReLU rt12 e1.5,relu,12,0.24,139,0.21709801112374622,5.4274502780936556e-05,0.00034715421050383557
ReLU rt12 e1.5,relu,12,0.24,149,0.07426918399080895,1.8567295997702237e-05,0.0012594997218461803
ReLU rt12 e1.5,relu,12,0.24,151,0.2402118971080779,6.0052974277019474e-05,0.0005202263576209079
ReLU rt12 e1.5,relu,12,0.24,157,0.10415796978091807,2.6039492445229518e-05,0.0010975963267433981
ReLU rt12 e1.5,relu,12,0.24,163,0.0529750306506771,1.3243757662669275e-05,0.0011140348247934352
ReLU rt12 e1.5,relu,12,0.24,167,0.04967166315965654,1.2417915789914135e-05,0.0014405497002837053
ReLU rt12 e1.5,relu,12,0.24,173,0.06120733805749867,1.530183451437467e-05,0.0013123445939757464
ReLU rt12 e1.5,relu,12,0.24,179,0.05460344897198621,1.3650862242996554e-05,0.0013607068912292568
ReLU rt12 e1.5,relu,12,0.24,181,0.07328346201613989,1.8320865504034972e-05,0.001086710945944795
ReLU rt12 e1.5,relu,12,0.24,191,0.04753502578156743,1.1883756445391858e-05,0.0013988424814300683
ReLU rt12 e1.5,relu,12,0.24,193,0.027942245587386116,6.985561396846529e-06,0.0014732160613675773
ReLU rt12 e1.5,relu,12,0.24,197,0.09165047941131488,2.291261985282872e-05,0.001033783377356932
ReLU rt12 e1.5,relu,12,0.24,199,0.16584880887271025,4.1462202218177564e-05,0.0007670999136959032
ReLU rt12 e1.5,relu,12,0.24,211,0.04148448294734608,1.037112073683652e-05,0.001228716764461942
ReLU rt12 e1.5,relu,12,0.24,223,0.07307564065123973,1.8268910162809932e-05,0.0006054902326896994
ReLU rt12 e1.5,relu,12,0.24,227,0.08216734390077085,2.054183597519271e-05,0.0011685331357190346
ReLU rt12 e1.5,relu,12,0.24,229,0.08342641557636632,2.085660389409158e-05,0.0010679774524205198
ReLU rt12 e1.5,relu,12,0.24,233,0.1374076176233091,3.435190440582728e-05,0.00082905613912228
ReLU rt12 e1.5,relu,12,0.24,239,0.06625059622935736,1.656264905733934e-05,0.001329537647184628
ReLU rt12 e1.5,relu,12,0.24,241,0.19185114003342563,4.796278500835641e-05,0.0005811392891726263
ReLU rt12 e1.5,relu,12,0.24,251,0.5276619654423715,0.0001319154913605929,0.00023713319881221416
ReLU rt12 e1.5,relu,12,0.24,257,0.1242462880056564,3.10615720014141e-05,0.0009378320140722043
ReLU rt12 e1.5,relu,12,0.24,263,0.4005680665713831,0.00010014201664284577,0.00021938849350922363
ReLU rt12 e1.5,relu,12,0.24,269,0.09312504677709965,2.3281261694274913e-05,0.00088960802665963
ReLU rt12 e1.5,relu,12,0.24,271,0.16088592724978157,4.022148181244539e-05,0.0006890418332006296
ReLU rt12 e1.5,relu,12,0.24,277,0.06322630773964921,1.5806576934912304e-05,0.001381812255905411
ReLU rt12 e1.5,relu,12,0.24,281,0.059582307741684826,1.4895576935421206e-05,0.0005843197950724673
ReLU rt12 e1.5,relu,12,0.24,283,0.07433935599867592,1.8584838999668978e-05,0.0012320766442401663
ReLU rt12 e1.5,relu,12,0.24,293,0.4385501815583828,0.0001096375453895957,0.0005537578150452589
ReLU rt12 e1.5,relu,12,0.24,307,0.07102634508496852,1.7756586271242132e-05,0.0010802295774407615
ReLU rt12 e1.5,relu,12,0.24,311,0.0724555628756055,1.8113890718901378e-05,0.00121602650369859
ReLU rt12 e1.5,relu,12,0.24,313,0.06701424204255901,1.6753560510639754e-05,0.0012386873192233507
ReLU rt16 e2.0,relu,16,0.32,5,0.09295635591734369,2.3239088979335922e-05,8.530006582395219e-05
ReLU rt16 e2.0,relu,16,0.32,11,0.18101589137019278,4.525397284254819e-05,0.00030866005972981315
ReLU rt16 e2.0,relu,16,0.32,23,0.04965936836859905,1.2414842092149763e-05,6.600400547789059e-05
ReLU rt16 e2.0,relu,16,0.32,37,0.0007408619431082874,1.8521548577707186e-07,3.1423458762793454e-05
ReLU rt16 e2.0,relu,16,0.32,41,0.213997766894362,5.34994417235905e-05,0.0004864996450402055
ReLU rt16 e2.0,relu,16,0.32,53,0.15987689252595447,3.996922313148862e-05,0.0003767386100396115
ReLU rt16 e2.0,relu,16,0.32,67,0.01899703596340016,4.74925899085004e-06,3.761552250394086e-05
ReLU rt16 e2.0,relu,16,0.32,71,0.004226011976132725,1.0565029940331813e-06,7.756180354266081e-05
ReLU rt16 e2.0,relu,16,0.32,83,-0.0015547316507476374,-3.8868291268690935e-07,1.7304886259816754e-05
ReLU rt16 e2.0,relu,16,0.32,97,-0.005933145744431415,-1.4832864361078537e-06,6.763052563754346e-05
ReLU rt16 e2.0,relu,16,0.32,101,0.029854323187434386,7.463580796858597e-06,3.82706211476327e-05
ReLU rt16 e2.0,relu,16,0.32,103,0.19748667277130358,4.93716681928259e-05,0.0002328980368701005
ReLU rt16 e2.0,relu,16,0.32,107,0.042543344145915096,1.0635836036478774e-05,8.034430569610007e-05
ReLU rt16 e2.0,relu,16,0.32,109,0.11356591580851907,2.8391478952129767e-05,0.00024109870188802055
ReLU rt16 e2.0,relu,16,0.32,113,0.02355994674883652,5.88998668720913e-06,3.331285697567582e-05
ReLU rt16 e2.0,relu,16,0.32,127,0.1655881116101831,4.1397027902545776e-05,0.00011119755767653238
ReLU rt16 e2.0,relu,16,0.32,131,0.11926748300492165,2.9816870751230414e-05,0.0001587128975913753
ReLU rt16 e2.0,relu,16,0.32,137,0.027817493287430103,6.954373321857526e-06,4.985772070585049e-05
ReLU rt16 e2.0,relu,16,0.32,139,0.018171518843397592,4.542879710849398e-06,7.106994393075906e-05
ReLU rt16 e2.0,relu,16,0.32,149,0.11250098921921198,2.8125247304802995e-05,0.00014415354989811877
ReLU rt16 e2.0,relu,16,0.32,151,-0.0018984674708421214,-4.7461686771053037e-07,3.5174087960913705e-05
ReLU rt16 e2.0,relu,16,0.32,157,0.05044325431847385,1.2610813579618463e-05,8.307780019672909e-05
ReLU rt16 e2.0,relu,16,0.32,163,0.11295589840015653,2.8238974600039133e-05,0.00026007741701696257
ReLU rt16 e2.0,relu,16,0.32,167,0.006973740471881928,1.743435117970482e-06,3.682487386169064e-05
ReLU rt16 e2.0,relu,16,0.32,173,0.05001502335126685,1.2503755837816711e-05,9.468529838763758e-05
ReLU rt16 e2.0,relu,16,0.32,179,0.2362325785355338,5.905814463388345e-05,0.0004652454612117927
ReLU rt16 e2.0,relu,16,0.32,181,0.018050693017729807,4.512673254432452e-06,4.086862128443009e-05
ReLU rt16 e2.0,relu,16,0.32,191,-0.0007545838032410618,-1.8864595081026546e-07,1.7181789219640734e-05
ReLU rt16 e2.0,relu,16,0.32,193,0.05548281597557958,1.3870703993894895e-05,7.751571798569539e-05
ReLU rt16 e2.0,relu,16,0.32,197,0.13537758629990443,3.384439657497611e-05,0.0003256522186893027
ReLU rt16 e2.0,relu,16,0.32,199,0.11854930158909302,2.9637325397273255e-05,0.00016255848765466804
ReLU rt16 e2.0,relu,16,0.32,211,-0.0027434934930494993,-6.858733732623749e-07,1.9901857805636928e-05
ReLU rt16 e2.0,relu,16,0.32,223,0.02236696402139172,5.59174100534793e-06,0.0003851957519410866
ReLU rt16 e2.0,relu,16,0.32,227,0.006162770765525391,1.5406926913813478e-06,1.6424253244457225e-05
ReLU rt16 e2.0,relu,16,0.32,229,-0.0007448364146398843,-1.8620910365997107e-07,1.847925090114394e-05
ReLU rt16 e2.0,relu,16,0.32,233,0.11238059849703386,2.8095149624258463e-05,0.0001245394804864773
ReLU rt16 e2.0,relu,16,0.32,239,0.0033701993396078435,8.425498349019608e-07,1.2655028323411177e-05
ReLU rt16 e2.0,relu,16,0.32,241,0.011011253222138799,2.7528133055346997e-06,4.937764633452077e-05
ReLU rt16 e2.0,relu,16,0.32,251,0.007149975090596113,1.7874937726490283e-06,1.749031289756499e-05
ReLU rt16 e2.0,relu,16,0.32,257,0.11474291398247914,2.8685728495619786e-05,0.00015525806886943776
ReLU rt16 e2.0,relu,16,0.32,263,0.05446250404605682,1.3615626011514205e-05,8.063276464931904e-05
ReLU rt16 e2.0,relu,16,0.32,269,0.10908676284524049,2.727169071131012e-05,7.496657773890705e-05
ReLU rt16 e2.0,relu,16,0.32,271,0.17461312497013926,4.365328124253481e-05,0.00017403757147178294
ReLU rt16 e2.0,relu,16,0.32,277,0.07569391627099116,1.892347906774779e-05,8.264884909910336e-05
ReLU rt16 e2.0,relu,16,0.32,281,0.044564886219760486,1.1141221554940122e-05,0.0002821923117900715
ReLU rt16 e2.0,relu,16,0.32,283,-0.000587045926420928,-1.46761481605232e-07,2.4568676726839502e-05
ReLU rt16 e2.0,relu,16,0.32,293,0.2560071517451177,6.400178793627941e-05,0.0002503249818628792
ReLU rt16 e2.0,relu,16,0.32,307,0.06672274059082757,1.6680685147706893e-05,7.691662589219612e-05
ReLU rt16 e2.0,relu,16,0.32,311,0.05025699168606787,1.2564247921516968e-05,0.00012538431393089788
ReLU rt16 e2.0,relu,16,0.32,313,0.05229307818674991,1.3073269546687477e-05,4.424406503958596e-05
GELU rt4 e0.7,gelu,4,0.08,5,0.0006606918814201501,1.6517297035503753e-07,0.001817666912671665
GELU rt4 e0.7,gelu,4,0.08,11,0.0008066196854173979,2.0165492135434948e-07,0.0019092050979248264
GELU rt4 e0.7,gelu,4,0.08,23,0.0008509773632960904,2.1274434082402261e-07,0.0019241896317297256
GELU rt4 e0.7,gelu,4,0.08,37,0.0004395975149646958,1.0989937874117395e-07,0.0018975088811888023
GELU rt4 e0.7,gelu,4,0.08,41,0.00018407126299668786,4.601781574917196e-08,0.0018922397787030738
GELU rt4 e0.7,gelu,4,0.08,53,-4.063951427213386e-05,-1.0159878568033465e-08,0.001934700384922945
GELU rt4 e0.7,gelu,4,0.08,67,0.0004108643446655291,1.0271608616638228e-07,0.0019363667342010553
GELU rt4 e0.7,gelu,4,0.08,71,-0.00039246281505878056,-9.811570376469514e-08,0.0019112371973022775
GELU rt4 e0.7,gelu,4,0.08,83,0.000542564477912344,1.35641119478086e-07,0.0019010548790069713
GELU rt4 e0.7,gelu,4,0.08,97,0.0007079994368454079,1.7699985921135198e-07,0.0018933103684870332
GELU rt4 e0.7,gelu,4,0.08,101,0.00033553448197409796,8.38836204935245e-08,0.0019109243661348566
GELU rt4 e0.7,gelu,4,0.08,103,-2.899745354301153e-05,-7.249363385752883e-09,0.0018415365592526825
GELU rt4 e0.7,gelu,4,0.08,107,0.0002492244054388415,6.230610135971038e-08,0.001935127910757461
GELU rt4 e0.7,gelu,4,0.08,109,-2.2267431287747996e-07,-5.566857821936999e-11,0.00195317683152784
GELU rt4 e0.7,gelu,4,0.08,113,0.000524401775725325,1.3110044393133125e-07,0.0019167236895845786
GELU rt4 e0.7,gelu,4,0.08,127,0.00036030781422724534,9.007695355681133e-08,0.0018761383926152195
GELU rt4 e0.7,gelu,4,0.08,131,0.0005242705892196664,1.310676473049166e-07,0.001867398415901638
GELU rt4 e0.7,gelu,4,0.08,137,-8.716273348385872e-05,-2.179068337096468e-08,0.001960269648745257
GELU rt4 e0.7,gelu,4,0.08,139,-0.00038345394006245037,-9.586348501561259e-08,0.0019482377980520973
GELU rt4 e0.7,gelu,4,0.08,149,0.0005223715922273442,1.3059289805683605e-07,0.0019356794641682234
GELU rt4 e0.7,gelu,4,0.08,151,-1.00993443180597e-05,-2.524836079514925e-09,0.0018779576433454444
GELU rt4 e0.7,gelu,4,0.08,157,7.296444699878002e-06,1.8241111749695004e-09,0.0018757259706425433
GELU rt4 e0.7,gelu,4,0.08,163,0.000513224330248363,1.2830608256209076e-07,0.0017694384941153694
GELU rt4 e0.7,gelu,4,0.08,167,0.0007053801897299872,1.763450474324968e-07,0.0019244786122941176
GELU rt4 e0.7,gelu,4,0.08,173,0.00011285563133645038,2.8213907834112595e-08,0.0019347324076397427
GELU rt4 e0.7,gelu,4,0.08,179,0.00044056091349475857,1.1014022837368964e-07,0.0018941008893152574
GELU rt4 e0.7,gelu,4,0.08,181,0.0006822530408412408,1.7056326021031021e-07,0.001890787573461382
GELU rt4 e0.7,gelu,4,0.08,191,0.0001291173468052076,3.22793367013019e-08,0.0019552503993546222
GELU rt4 e0.7,gelu,4,0.08,193,0.0006548595291268056,1.637148822817014e-07,0.0019042142375645947
GELU rt4 e0.7,gelu,4,0.08,197,0.0004375556863805974,1.0938892159514935e-07,0.0018005070849706566
GELU rt4 e0.7,gelu,4,0.08,199,0.00041070260108266865,1.0267565027066717e-07,0.0019433366777221613
GELU rt4 e0.7,gelu,4,0.08,211,-0.0001568377706264723,-3.9209442656618074e-08,0.0018945175039108298
GELU rt4 e0.7,gelu,4,0.08,223,0.0003735953238170886,9.339883095427216e-08,0.0018726884051909372
GELU rt4 e0.7,gelu,4,0.08,227,0.0005077088157469101,1.2692720393672752e-07,0.0019151987987224015
GELU rt4 e0.7,gelu,4,0.08,229,0.0012702541978394377,3.1756354945985943e-07,0.0019054070068806348
GELU rt4 e0.7,gelu,4,0.08,233,0.0003416375303519903,8.540938258799757e-08,0.0018157216063846226
GELU rt4 e0.7,gelu,4,0.08,239,0.0005909744841101627,1.4774362102754067e-07,0.0019265731684893
GELU rt4 e0.7,gelu,4,0.08,241,0.00026403797853158384,6.600949463289596e-08,0.0019406371556740611
GELU rt4 e0.7,gelu,4,0.08,251,7.085329358080816e-05,1.771332339520204e-08,0.001966436506830565
GELU rt4 e0.7,gelu,4,0.08,257,1.6589471954597812e-05,4.147367988649453e-09,0.0018745283553535728
GELU rt4 e0.7,gelu,4,0.08,263,0.0004667693408688667,1.1669233521721667e-07,0.0018861147449029557
GELU rt4 e0.7,gelu,4,0.08,269,0.0005983968371440218,1.4959920928600544e-07,0.0018624475470998014
GELU rt4 e0.7,gelu,4,0.08,271,-0.0004391394734687415,-1.0978486836718538e-07,0.0019392461687644082
GELU rt4 e0.7,gelu,4,0.08,277,0.0005999449380026389,1.4998623450065974e-07,0.0018327900953325697
GELU rt4 e0.7,gelu,4,0.08,281,-0.0003307689065134012,-8.269222662835029e-08,0.0019375604788669874
GELU rt4 e0.7,gelu,4,0.08,283,5.84998443511342e-05,1.462496108778355e-08,0.0018402314045261351
GELU rt4 e0.7,gelu,4,0.08,293,-0.0001234206134966831,-3.0855153374170776e-08,0.0019259268849933758
GELU rt4 e0.7,gelu,4,0.08,307,0.0003201697015625671,8.004242539064176e-08,0.00191075661029981
GELU rt4 e0.7,gelu,4,0.08,311,0.0005962125458846002,1.4905313647115003e-07,0.001949895292740754
GELU rt4 e0.7,gelu,4,0.08,313,0.0002841511077039671,7.103777692599178e-08,0.0019043185044471922
GELU rt8 e0.7,gelu,8,0.16,5,0.06581749873220066,1.6454374683050166e-05,0.0009484087642922947
GELU rt8 e0.7,gelu,8,0.16,11,0.11495456345456245,2.8738640863640613e-05,0.0003292709315917314
GELU rt8 e0.7,gelu,8,0.16,23,0.05537450631190444,1.384362657797611e-05,0.0014067321447397436
GELU rt8 e0.7,gelu,8,0.16,37,0.0501558687188991,1.2538967179724775e-05,0.0006585357085597657
GELU rt8 e0.7,gelu,8,0.16,41,0.13029291816647726,3.2573229541619315e-05,0.0003600125813410896
GELU rt8 e0.7,gelu,8,0.16,53,0.057215661436145204,1.43039153590363e-05,0.0011671822720070299
GELU rt8 e0.7,gelu,8,0.16,67,0.05566977697113451,1.3917444242783628e-05,0.0005783929469187892
GELU rt8 e0.7,gelu,8,0.16,71,0.05239235849707391,1.3098089624268477e-05,0.0014278778011406336
GELU rt8 e0.7,gelu,8,0.16,83,0.15868761644361773,3.967190411090443e-05,0.0003026557861195013
GELU rt8 e0.7,gelu,8,0.16,97,0.10095065508485901,2.5237663771214753e-05,0.0003960327735240713
GELU rt8 e0.7,gelu,8,0.16,101,0.10242805875512229,2.560701468878057e-05,0.0011595871316390188
GELU rt8 e0.7,gelu,8,0.16,103,0.060619236371189156,1.515480909279729e-05,0.00045320857006827126
GELU rt8 e0.7,gelu,8,0.16,107,0.05039746828886582,1.2599367072216455e-05,0.0010838090229738115
GELU rt8 e0.7,gelu,8,0.16,109,0.08823920317368183,2.205980079342046e-05,0.0003954018495447693
GELU rt8 e0.7,gelu,8,0.16,113,0.09326082320905582,2.3315205802263956e-05,0.0006359604058094644
GELU rt8 e0.7,gelu,8,0.16,127,0.09295247692780151,2.3238119231950376e-05,0.000497713175388142
GELU rt8 e0.7,gelu,8,0.16,131,0.06130055177554894,1.5325137943887236e-05,0.0010758999929194536
GELU rt8 e0.7,gelu,8,0.16,137,0.05433484864550997,1.3583712161377493e-05,0.001465469002194177
GELU rt8 e0.7,gelu,8,0.16,139,0.09676989685929782,2.4192474214824457e-05,0.0004186856444127629
GELU rt8 e0.7,gelu,8,0.16,149,0.038301307930733275,9.57532698268332e-06,0.0007616848184747303
GELU rt8 e0.7,gelu,8,0.16,151,0.09400895124227404,2.350223781056851e-05,0.0007355672314412143
GELU rt8 e0.7,gelu,8,0.16,157,0.047525940975797876,1.1881485243949468e-05,0.0006998747001956868
GELU rt8 e0.7,gelu,8,0.16,163,0.05693469979361221,1.4233674948403053e-05,0.0006969428825898614
GELU rt8 e0.7,gelu,8,0.16,167,0.10044825857973172,2.511206464493293e-05,0.0004356951162771364
GELU rt8 e0.7,gelu,8,0.16,173,0.15644541735083495,3.9111354337708736e-05,0.0002813881322031604
GELU rt8 e0.7,gelu,8,0.16,179,0.2946527255209279,7.366318138023198e-05,0.0006095157645361737
GELU rt8 e0.7,gelu,8,0.16,181,0.09048812981227505,2.2622032453068764e-05,0.0003649986408165835
GELU rt8 e0.7,gelu,8,0.16,191,0.09122526095221783,2.280631523805446e-05,0.0010389915213276557
GELU rt8 e0.7,gelu,8,0.16,193,0.0960405495400708,2.4010137385017698e-05,0.00046955990937781994
GELU rt8 e0.7,gelu,8,0.16,197,0.07457685907238132,1.864421476809533e-05,0.001162737926794112
GELU rt8 e0.7,gelu,8,0.16,199,0.07500880130069432,1.875220032517358e-05,0.00043879508852446447
GELU rt8 e0.7,gelu,8,0.16,211,0.06367963132877452,1.591990783219363e-05,0.0006555948580669077
GELU rt8 e0.7,gelu,8,0.16,223,0.08347471230376469,2.086867807594117e-05,0.0014815056307419842
GELU rt8 e0.7,gelu,8,0.16,227,0.09620119758522061,2.4050299396305154e-05,0.0003557784281381496
GELU rt8 e0.7,gelu,8,0.16,229,0.03389814224761989,8.474535561904973e-06,0.0009596317806230588
GELU rt8 e0.7,gelu,8,0.16,233,0.05137667055425499,1.2844167638563747e-05,0.0008576641763939166
GELU rt8 e0.7,gelu,8,0.16,239,0.051158717973204704,1.2789679493301177e-05,0.0012618909719024566
GELU rt8 e0.7,gelu,8,0.16,241,0.06722868203204868,1.680717050801217e-05,0.0006646030821420704
GELU rt8 e0.7,gelu,8,0.16,251,0.07293973878966187,1.8234934697415467e-05,0.0007377643639678575
GELU rt8 e0.7,gelu,8,0.16,257,0.1381550486617109,3.453876216542773e-05,0.0004613308598036718
GELU rt8 e0.7,gelu,8,0.16,263,0.1840952702747628,4.60238175686907e-05,0.00035255900809265617
GELU rt8 e0.7,gelu,8,0.16,269,0.05937966712574927,1.4844916781437318e-05,0.0005240888433472537
GELU rt8 e0.7,gelu,8,0.16,271,0.05585334882103643,1.3963337205259107e-05,0.0008879106637186564
GELU rt8 e0.7,gelu,8,0.16,277,0.05705013567483863,1.4262533918709658e-05,0.0009784293796007086
GELU rt8 e0.7,gelu,8,0.16,281,0.04554123586070369,1.1385308965175921e-05,0.0014044910385675683
GELU rt8 e0.7,gelu,8,0.16,283,0.06120395731484796,1.530098932871199e-05,0.0009543844237865159
GELU rt8 e0.7,gelu,8,0.16,293,0.026547196437022635,6.636799109255659e-06,0.0005948543534632156
GELU rt8 e0.7,gelu,8,0.16,307,0.08527373871851485,2.1318434679628712e-05,0.0004232468125645984
GELU rt8 e0.7,gelu,8,0.16,311,0.04817527164131041,1.2043817910327604e-05,0.0007608957461538668
GELU rt8 e0.7,gelu,8,0.16,313,0.08856476251645307,2.2141190629113267e-05,0.001120333138442839
GELU rt12 e0.7,gelu,12,0.24,5,0.24226175872580813,6.0565439681452034e-05,0.0004180890649718575
GELU rt12 e0.7,gelu,12,0.24,11,0.21685493391753508,5.421373347938377e-05,0.0005099235557688331
GELU rt12 e0.7,gelu,12,0.24,23,0.30944328607192867,7.736082151798217e-05,0.0002731670899612855
GELU rt12 e0.7,gelu,12,0.24,37,0.3116336014100587,7.790840035251468e-05,0.0004027488985573086
GELU rt12 e0.7,gelu,12,0.24,41,0.1448646542423323,3.6216163560583074e-05,0.0003624218987778294
GELU rt12 e0.7,gelu,12,0.24,53,0.12661363365979672,3.165340841494918e-05,0.001170096381347257
GELU rt12 e0.7,gelu,12,0.24,67,0.038832788305702914,9.70819707642573e-06,0.0013981619080478103
GELU rt12 e0.7,gelu,12,0.24,71,0.1656316143669626,4.1407903591740654e-05,0.000424757647591718
GELU rt12 e0.7,gelu,12,0.24,83,0.6179827245408267,0.00015449568113520669,0.0007289043449086172
GELU rt12 e0.7,gelu,12,0.24,97,0.20887961978781555,5.221990494695389e-05,0.0004737167985370139
GELU rt12 e0.7,gelu,12,0.24,101,0.3944983893206262,9.862459733015655e-05,0.00020073371298972664
GELU rt12 e0.7,gelu,12,0.24,103,0.02154142600010689,5.3853565000267225e-06,0.0016998296342529474
GELU rt12 e0.7,gelu,12,0.24,107,0.10622109977495253,2.655527494373813e-05,0.0009859093209653562
GELU rt12 e0.7,gelu,12,0.24,109,0.08685608403177059,2.1714021007942648e-05,0.001134995227064254
GELU rt12 e0.7,gelu,12,0.24,113,0.07787482023151604,1.946870505787901e-05,0.0012010954166294598
GELU rt12 e0.7,gelu,12,0.24,127,0.22882916071466863,5.7207290178667156e-05,0.0009853771614707324
GELU rt12 e0.7,gelu,12,0.24,131,0.3227050114087623,8.067625285219057e-05,0.0002526857944095312
GELU rt12 e0.7,gelu,12,0.24,137,0.054805794402828956,1.3701448600707239e-05,0.0008461522080772498
GELU rt12 e0.7,gelu,12,0.24,139,0.26313173746619045,6.578293436654761e-05,0.00041491202396122973
GELU rt12 e0.7,gelu,12,0.24,149,0.16692431745297498,4.1731079363243744e-05,0.0005542665161604957
GELU rt12 e0.7,gelu,12,0.24,151,0.24790875547332158,6.197718886833039e-05,0.0006281276646915427
GELU rt12 e0.7,gelu,12,0.24,157,0.15275406494665367,3.818851623666342e-05,0.00048058919847291856
GELU rt12 e0.7,gelu,12,0.24,163,0.13532610774131448,3.383152693532862e-05,0.0005873702523583396
GELU rt12 e0.7,gelu,12,0.24,167,0.047345016150526886,1.1836254037631722e-05,0.0009921913264137434
GELU rt12 e0.7,gelu,12,0.24,173,0.09462383980291345,2.365595995072836e-05,0.0005494048234334378
GELU rt12 e0.7,gelu,12,0.24,179,0.07442062075848366,1.8605155189620915e-05,0.001174741669651007
GELU rt12 e0.7,gelu,12,0.24,181,0.09286948820929908,2.3217372052324768e-05,0.0008657946724895044
GELU rt12 e0.7,gelu,12,0.24,191,0.09516471347867028,2.379117836966757e-05,0.0010762331117567822
GELU rt12 e0.7,gelu,12,0.24,193,0.1101607158546336,2.75401789636584e-05,0.000839558616604028
GELU rt12 e0.7,gelu,12,0.24,197,0.16608354841670914,4.152088710417728e-05,0.0009108498353891022
GELU rt12 e0.7,gelu,12,0.24,199,0.16479814448157337,4.119953612039334e-05,0.0007790401995106255
GELU rt12 e0.7,gelu,12,0.24,211,0.17330372690743845,4.3325931726859615e-05,0.0005936626543305086
GELU rt12 e0.7,gelu,12,0.24,223,0.5502180574882805,0.0001375545143720701,0.0004604568197472696
GELU rt12 e0.7,gelu,12,0.24,227,0.03203662271741814,8.009155679354535e-06,0.0011020698403292556
GELU rt12 e0.7,gelu,12,0.24,229,0.6965236819406634,0.00017413092048516583,0.0005807552407307237
GELU rt12 e0.7,gelu,12,0.24,233,0.30667559730587923,7.666889932646981e-05,0.0004577133084649632
GELU rt12 e0.7,gelu,12,0.24,239,0.3478788104684499,8.696970261711247e-05,0.00024142567970526107
GELU rt12 e0.7,gelu,12,0.24,241,0.11526310250042371,2.881577562510593e-05,0.0006231512031198825
GELU rt12 e0.7,gelu,12,0.24,251,0.4124995422509727,0.00010312488556274317,0.0008461614215216813
GELU rt12 e0.7,gelu,12,0.24,257,0.17045974898005012,4.261493724501253e-05,0.0004417355812186048
GELU rt12 e0.7,gelu,12,0.24,263,0.17856974502947176,4.464243625736794e-05,0.0011640250419470116
GELU rt12 e0.7,gelu,12,0.24,269,0.24324608083716903,6.081152020929226e-05,0.0008804779520568497
GELU rt12 e0.7,gelu,12,0.24,271,0.49375426934388644,0.0001234385673359716,0.0002903817440815596
GELU rt12 e0.7,gelu,12,0.24,277,0.025406067872377758,6.35151696809444e-06,0.0016667099020344822
GELU rt12 e0.7,gelu,12,0.24,281,0.3031135184204732,7.57783796051183e-05,0.0002709042047687319
GELU rt12 e0.7,gelu,12,0.24,283,0.24928137075160461,6.232034268790115e-05,0.0003866757190236957
GELU rt12 e0.7,gelu,12,0.24,293,0.3003724223800254,7.509310559500634e-05,0.0002808178259045798
GELU rt12 e0.7,gelu,12,0.24,307,0.4044621884582305,0.00010111554711455762,0.00023196969221004905
GELU rt12 e0.7,gelu,12,0.24,311,0.21062345868210464,5.265586467052616e-05,0.00028364194032639856
GELU rt12 e0.7,gelu,12,0.24,313,0.13214819283103074,3.303704820775769e-05,0.00039684773066216893
GELU rt16 e0.7,gelu,16,0.32,5,0.10041562130685244,2.5103905326713112e-05,0.0008633663549656044
GELU rt16 e0.7,gelu,16,0.32,11,0.09932963366764036,2.483240841691009e-05,0.0009117347853146197
GELU rt16 e0.7,gelu,16,0.32,23,0.7536050814365634,0.00018840127035914085,0.0006083977991726099
GELU rt16 e0.7,gelu,16,0.32,37,0.08974848900477339,2.243712225119335e-05,0.0012199251952941072
GELU rt16 e0.7,gelu,16,0.32,41,0.179179154977128,4.4794788744282e-05,0.00041308402377019944
GELU rt16 e0.7,gelu,16,0.32,53,0.08831082583271199,2.2077706458177997e-05,0.0006314771212090028
GELU rt16 e0.7,gelu,16,0.32,67,0.12436265298710603,3.1090663246776506e-05,0.0009592462164321145
GELU rt16 e0.7,gelu,16,0.32,71,0.19656601803886609,4.9141504509716524e-05,0.0008121448980749439
GELU rt16 e0.7,gelu,16,0.32,83,0.24560317202845294,6.140079300711324e-05,0.0004326269542993833
GELU rt16 e0.7,gelu,16,0.32,97,0.4621957778412269,0.00011554894446030673,0.0003046617665037748
GELU rt16 e0.7,gelu,16,0.32,101,0.0810919797336016,2.02729949334004e-05,0.0011249426707779012
GELU rt16 e0.7,gelu,16,0.32,103,0.7748821300559795,0.00019372053251399488,0.0010530701214214106
GELU rt16 e0.7,gelu,16,0.32,107,0.5126109445394508,0.0001281527361348627,0.0002845666064985861
GELU rt16 e0.7,gelu,16,0.32,109,0.16900706697883483,4.2251766744708705e-05,0.0005125010717817433
GELU rt16 e0.7,gelu,16,0.32,113,0.12046856563617425,3.0117141409043563e-05,0.00044197660118327185
GELU rt16 e0.7,gelu,16,0.32,127,0.11752538467108786,2.9381346167771967e-05,0.0007783987317012207
GELU rt16 e0.7,gelu,16,0.32,131,0.342428376867944,8.560709421698599e-05,0.00026566119896197037
GELU rt16 e0.7,gelu,16,0.32,137,0.14391524841918468,3.597881210479617e-05,0.0007648718328047705
GELU rt16 e0.7,gelu,16,0.32,139,0.13025855840376477,3.256463960094119e-05,0.0007627472073992305
GELU rt16 e0.7,gelu,16,0.32,149,0.30215226046861116,7.55380651171528e-05,0.0009375051589923191
GELU rt16 e0.7,gelu,16,0.32,151,0.20061789534545482,5.015447383636371e-05,0.00043617711785224136
GELU rt16 e0.7,gelu,16,0.32,157,0.13898028953525599,3.4745072383814e-05,0.000591304695196253
GELU rt16 e0.7,gelu,16,0.32,163,0.11287916691590572,2.8219791728976428e-05,0.0005610107396015562
GELU rt16 e0.7,gelu,16,0.32,167,0.1954076268508287,4.885190671270717e-05,0.0004361521473656639
GELU rt16 e0.7,gelu,16,0.32,173,0.07179988048666552,1.794997012166638e-05,0.0010390212452963611
GELU rt16 e0.7,gelu,16,0.32,179,0.10443437359569852,2.6108593398924627e-05,0.0009580830779659917
GELU rt16 e0.7,gelu,16,0.32,181,0.09297131234280842,2.3242828085702106e-05,0.0011156918973119394
GELU rt16 e0.7,gelu,16,0.32,191,0.17081123321255165,4.2702808303137915e-05,0.0004181472385551858
GELU rt16 e0.7,gelu,16,0.32,193,0.17298133542384542,4.324533385596135e-05,0.0003819476439256692
GELU rt16 e0.7,gelu,16,0.32,197,0.41067218350183554,0.00010266804587545888,0.00020398683875957424
GELU rt16 e0.7,gelu,16,0.32,199,0.12201705348275904,3.050426337068976e-05,0.0008012168851236479
GELU rt16 e0.7,gelu,16,0.32,211,0.18776362918530848,4.694090729632712e-05,0.00024385805866280138
GELU rt16 e0.7,gelu,16,0.32,223,0.15065750898841324,3.766437724710331e-05,0.0004131757391662268
GELU rt16 e0.7,gelu,16,0.32,227,0.18399646239682232,4.599911559920558e-05,0.0005235724637491566
GELU rt16 e0.7,gelu,16,0.32,229,0.12541805387909444,3.135451346977361e-05,0.0007475224961647373
GELU rt16 e0.7,gelu,16,0.32,233,0.4795797928579219,0.00011989494821448047,0.0002105411797602439
GELU rt16 e0.7,gelu,16,0.32,239,0.1129143190140528,2.82285797535132e-05,0.0010633128527747502
GELU rt16 e0.7,gelu,16,0.32,241,0.16736972121738047,4.184243030434512e-05,0.0005137598061745583
GELU rt16 e0.7,gelu,16,0.32,251,0.17658981363223702,4.4147453408059256e-05,0.00048730305043244394
GELU rt16 e0.7,gelu,16,0.32,257,0.29207495622526225,7.301873905631556e-05,0.0003893581558032295
GELU rt16 e0.7,gelu,16,0.32,263,0.19242240561821977,4.810560140455494e-05,0.0006673050903652654
GELU rt16 e0.7,gelu,16,0.32,269,0.14261042538361535,3.5652606345903835e-05,0.0005382800944880753
GELU rt16 e0.7,gelu,16,0.32,271,0.07769651315158932,1.942412828789733e-05,0.0011351786086061673
GELU rt16 e0.7,gelu,16,0.32,277,0.13587908006020333,3.396977001505083e-05,0.00041591189267425026
GELU rt16 e0.7,gelu,16,0.32,281,0.095871110812078,2.39677777030195e-05,0.0009351513566321855
GELU rt16 e0.7,gelu,16,0.32,283,0.25875431069019383,6.468857767254846e-05,0.0003706316833500586
GELU rt16 e0.7,gelu,16,0.32,293,0.08715900977868973,2.1789752444672434e-05,0.0011757051135160347
GELU rt16 e0.7,gelu,16,0.32,307,0.1918445603467931,4.7961140086698274e-05,0.0005266499824969872
GELU rt16 e0.7,gelu,16,0.32,311,0.1912534220221339,4.781335550553348e-05,0.00031878277702672696
GELU rt16 e0.7,gelu,16,0.32,313,0.4080011601570933,0.00010200029003927333,0.00034341751424401
GELU rt16 e0.85,gelu,16,0.32,5,0.23690388907752763,5.922597226938191e-05,0.00014969452220905282
GELU rt16 e0.85,gelu,16,0.32,11,0.46636349163167645,0.00011659087290791912,0.00040783581461904117
GELU rt16 e0.85,gelu,16,0.32,23,0.27750220555437144,6.937555138859286e-05,0.00015796985778353232
GELU rt16 e0.85,gelu,16,0.32,37,0.6462305943791439,0.00016155764859478598,0.0006258970977504608
GELU rt16 e0.85,gelu,16,0.32,41,0.3590023577247543,8.975058943118858e-05,0.00018009115155335188
GELU rt16 e0.85,gelu,16,0.32,53,0.0029555086740971296,7.388771685242824e-07,2.3585478361712206e-05
GELU rt16 e0.85,gelu,16,0.32,67,0.09135286293326532,2.283821573331633e-05,6.91949116831314e-05
GELU rt16 e0.85,gelu,16,0.32,71,0.3523696096204966,8.809240240512415e-05,0.00017957870188247115
GELU rt16 e0.85,gelu,16,0.32,83,0.4379711908770666,0.00010949279771926665,0.0002325343352141046
GELU rt16 e0.85,gelu,16,0.32,97,0.015209956921127013,3.8024892302817534e-06,6.872694950706926e-05
GELU rt16 e0.85,gelu,16,0.32,101,0.3786319926976517,9.465799817441292e-05,0.00023689395255194624
GELU rt16 e0.85,gelu,16,0.32,103,0.41076030738252534,0.00010269007684563133,0.0001858940481033139
GELU rt16 e0.85,gelu,16,0.32,107,0.07654722740679637,1.9136806851699092e-05,0.00013198257559431142
GELU rt16 e0.85,gelu,16,0.32,109,0.36961254734053367,9.240313683513342e-05,0.00018430927867756303
GELU rt16 e0.85,gelu,16,0.32,113,0.19674049955850087,4.9185124889625216e-05,0.0001532028301993752
GELU rt16 e0.85,gelu,16,0.32,127,0.31325027131581107,7.831256782895277e-05,0.00016213382383822338
GELU rt16 e0.85,gelu,16,0.32,131,0.28655565520045784,7.163891380011446e-05,0.00012503645858808927
GELU rt16 e0.85,gelu,16,0.32,137,0.18037110096933587,4.5092775242333966e-05,0.00010838418541292877
GELU rt16 e0.85,gelu,16,0.32,139,0.34789316600254305,8.697329150063576e-05,0.000296133942453048
GELU rt16 e0.85,gelu,16,0.32,149,0.2614534474221613,6.536336185554033e-05,0.0003132504842507331
GELU rt16 e0.85,gelu,16,0.32,151,0.39144278848548547,9.786069712137137e-05,0.000765902153956825
GELU rt16 e0.85,gelu,16,0.32,157,0.46047090510552935,0.00011511772627638234,0.0009680535179815042
GELU rt16 e0.85,gelu,16,0.32,163,0.33627244717970434,8.406811179492608e-05,0.0003185266735046499
GELU rt16 e0.85,gelu,16,0.32,167,0.44244966142333336,0.00011061241535583334,0.0007310613687676736
GELU rt16 e0.85,gelu,16,0.32,173,0.35232703504542173,8.808175876135544e-05,0.0006494333771462169
GELU rt16 e0.85,gelu,16,0.32,179,0.23542964128576183,5.8857410321440456e-05,0.00020930550337094233
GELU rt16 e0.85,gelu,16,0.32,181,0.570990882413887,0.00014274772060347173,0.0004136061111176894
GELU rt16 e0.85,gelu,16,0.32,191,0.4172966316172326,0.00010432415790430816,0.0002479512119170395
GELU rt16 e0.85,gelu,16,0.32,193,0.5460649945063548,0.0001365162486265887,0.00043142086604249896
GELU rt16 e0.85,gelu,16,0.32,197,0.457341509982246,0.0001143353774955615,0.0002463366283084032
GELU rt16 e0.85,gelu,16,0.32,199,0.3981916380485964,9.954790951214911e-05,0.00022454728902235888
GELU rt16 e0.85,gelu,16,0.32,211,0.2104172265845834,5.2604306646145847e-05,0.00011429547556908792
GELU rt16 e0.85,gelu,16,0.32,223,0.3951262948719629,9.878157371799072e-05,0.0005348172264709933
GELU rt16 e0.85,gelu,16,0.32,227,0.12289868290065045,3.072467072516261e-05,0.00010605459176341016
GELU rt16 e0.85,gelu,16,0.32,229,0.1538323824032681,3.845809560081703e-05,0.00019139519418298866
GELU rt16 e0.85,gelu,16,0.32,233,0.0597828193537077,1.4945704838426926e-05,0.00019240172059227368
GELU rt16 e0.85,gelu,16,0.32,239,0.3200284708417135,8.000711771042837e-05,0.00043408602308210234
GELU rt16 e0.85,gelu,16,0.32,241,0.5361054476100423,0.00013402636190251057,0.000351532915829938
GELU rt16 e0.85,gelu,16,0.32,251,0.45226635345171246,0.00011306658836292811,0.00023924823052148448
GELU rt16 e0.85,gelu,16,0.32,257,0.2782175279008146,6.955438197520366e-05,0.0002364758307718618
GELU rt16 e0.85,gelu,16,0.32,263,0.3077365925587081,7.693414813967703e-05,0.00029652426221707764
GELU rt16 e0.85,gelu,16,0.32,269,0.513064196684249,0.00012826604917106225,0.00035263450457486176
GELU rt16 e0.85,gelu,16,0.32,271,0.460822191879958,0.0001152055479699895,0.0004683575724187268
GELU rt16 e0.85,gelu,16,0.32,277,0.3857321052853724,9.64330263213431e-05,0.0004531254082393441
GELU rt16 e0.85,gelu,16,0.32,281,0.4448554377963252,0.0001112138594490813,0.00023617818741991807
GELU rt16 e0.85,gelu,16,0.32,283,0.2921669571852957,7.304173929632391e-05,0.0002039598253796576
GELU rt16 e0.85,gelu,16,0.32,293,0.44429194946543793,0.00011107298736635949,0.00024121787357685832
GELU rt16 e0.85,gelu,16,0.32,307,0.3949346074658226,9.873365186645565e-05,0.0002776197266605597
GELU rt16 e0.85,gelu,16,0.32,311,0.23813929452564855,5.953482363141214e-05,0.00033338628482787794
GELU rt16 e0.85,gelu,16,0.32,313,0.13333054397126734,3.3332635992816834e-05,0.00026262311914241026
SiLU rt4 e0.85,silu,4,0.08,5,-0.0010199637133834205,-2.549909283458551e-07,0.001970949027843742
SiLU rt4 e0.85,silu,4,0.08,11,-0.0003315701330083298,-8.289253325208246e-08,0.0019629468769448996
SiLU rt4 e0.85,silu,4,0.08,23,-0.0003253239798951535,-8.133099497378838e-08,0.0019389870025637813
SiLU rt4 e0.85,silu,4,0.08,37,0.00039886936402666606,9.971734100666652e-08,0.001966725756707496
SiLU rt4 e0.85,silu,4,0.08,41,0.00020865073435616388,5.216268358904097e-08,0.0019671484281967547
SiLU rt4 e0.85,silu,4,0.08,53,-0.00017602626551427303,-4.400656637856826e-08,0.0019483822469767414
SiLU rt4 e0.85,silu,4,0.08,67,-0.0010409871278562743,-2.602467819640686e-07,0.0019691517592971925
SiLU rt4 e0.85,silu,4,0.08,71,-0.0007742390037591695,-1.9355975093979239e-07,0.0019637541537966185
SiLU rt4 e0.85,silu,4,0.08,83,-0.0003784405323249418,-9.461013308123545e-08,0.001960437193378964
SiLU rt4 e0.85,silu,4,0.08,97,-0.00020650378172848427,-5.1625945432121065e-08,0.001973860917609493
SiLU rt4 e0.85,silu,4,0.08,101,0.0004594687970654876,1.148671992663719e-07,0.001966713810559479
SiLU rt4 e0.85,silu,4,0.08,103,-0.0003297110906165246,-8.242777265413115e-08,0.0019641419244312702
SiLU rt4 e0.85,silu,4,0.08,107,-0.00037466971160426965,-9.366742790106742e-08,0.0019638684519092974
SiLU rt4 e0.85,silu,4,0.08,109,0.0008889021446339962,2.2222553615849906e-07,0.0019616548581170667
SiLU rt4 e0.85,silu,4,0.08,113,-6.222060971627918e-05,-1.5555152429069795e-08,0.0019729174343182517
SiLU rt4 e0.85,silu,4,0.08,127,-0.0010920585434377461,-2.7301463585943654e-07,0.0019628213228356063
SiLU rt4 e0.85,silu,4,0.08,131,5.08805935005574e-05,1.2720148375139351e-08,0.001964005576091188
SiLU rt4 e0.85,silu,4,0.08,137,-0.00025407237070373956,-6.351809267593489e-08,0.0019750737660678397
SiLU rt4 e0.85,silu,4,0.08,139,-3.5114415863901627e-07,-8.778603965975407e-11,0.001961995164951302
SiLU rt4 e0.85,silu,4,0.08,149,0.00031121809615086704,7.780452403771676e-08,0.0019669821332561955
SiLU rt4 e0.85,silu,4,0.08,151,-0.00025207182519437765,-6.301795629859441e-08,0.001966932984569197
SiLU rt4 e0.85,silu,4,0.08,157,-0.0006474023822296004,-1.6185059555740011e-07,0.0019391930173563478
SiLU rt4 e0.85,silu,4,0.08,163,0.00038228505813442393,9.557126453360599e-08,0.0019706712013404363
SiLU rt4 e0.85,silu,4,0.08,167,-0.0006136365540284627,-1.5340913850711568e-07,0.0019728285002301705
SiLU rt4 e0.85,silu,4,0.08,173,-0.00020593803549207035,-5.1484508873017585e-08,0.0019639051766941326
SiLU rt4 e0.85,silu,4,0.08,179,0.0003727389855342489,9.318474638356222e-08,0.001950661997717269
SiLU rt4 e0.85,silu,4,0.08,181,1.3125653803403026e-05,3.2814134508507565e-09,0.001965291599643971
SiLU rt4 e0.85,silu,4,0.08,191,0.00021834901033335186,5.4587252583337964e-08,0.001964635629285783
SiLU rt4 e0.85,silu,4,0.08,193,0.00013197954908084064,3.299488727021016e-08,0.0019519446645298564
SiLU rt4 e0.85,silu,4,0.08,197,-4.231815413890949e-05,-1.0579538534727373e-08,0.001972770255789619
SiLU rt4 e0.85,silu,4,0.08,199,-0.0006113429092963196,-1.528357273240799e-07,0.001969602688527168
SiLU rt4 e0.85,silu,4,0.08,211,-0.0003832873350257948,-9.58218337564487e-08,0.0019643765668343107
SiLU rt4 e0.85,silu,4,0.08,223,-0.0009447817160418426,-2.3619542901046064e-07,0.0019645899370333048
SiLU rt4 e0.85,silu,4,0.08,227,-0.000429521596697402,-1.073803991743505e-07,0.0019586603772414556
SiLU rt4 e0.85,silu,4,0.08,229,0.000384164494822814,9.60411237057035e-08,0.001954706876129274
SiLU rt4 e0.85,silu,4,0.08,233,-0.0007568263098107764,-1.892065774526941e-07,0.0019675706547185303
SiLU rt4 e0.85,silu,4,0.08,239,-0.00014367457655983795,-3.591864413995949e-08,0.001955461939600656
SiLU rt4 e0.85,silu,4,0.08,241,0.0006054839225236863,1.513709806309216e-07,0.001972336627055116
SiLU rt4 e0.85,silu,4,0.08,251,-0.0005402970968468868,-1.3507427421172168e-07,0.0019613305500951416
SiLU rt4 e0.85,silu,4,0.08,257,-0.0005714284382971613,-1.4285710957429032e-07,0.001958536390817731
SiLU rt4 e0.85,silu,4,0.08,263,0.0002957301891748365,7.393254729370913e-08,0.00197254439138133
SiLU rt4 e0.85,silu,4,0.08,269,-0.0010083914948599837,-2.520978737149959e-07,0.0019688372770661784
SiLU rt4 e0.85,silu,4,0.08,271,-0.00013708294523651077,-3.427073630912769e-08,0.001958803553933789
SiLU rt4 e0.85,silu,4,0.08,277,0.00020703861309323557,5.175965327330889e-08,0.0019584192674623286
SiLU rt4 e0.85,silu,4,0.08,281,-0.0009367168790428426,-2.3417921976071065e-07,0.0019701718127123034
SiLU rt4 e0.85,silu,4,0.08,283,-7.920066198996434e-05,-1.9800165497491085e-08,0.0019645919136793057
SiLU rt4 e0.85,silu,4,0.08,293,-0.0005385702341939025,-1.3464255854847563e-07,0.00196695518718314
SiLU rt4 e0.85,silu,4,0.08,307,-0.00030189718357997997,-7.547429589499499e-08,0.001954507275383503
SiLU rt4 e0.85,silu,4,0.08,311,-0.00027099868600266586,-6.774967150066646e-08,0.0019631833486681675
SiLU rt4 e0.85,silu,4,0.08,313,5.885661109961138e-05,1.4714152774902845e-08,0.0019737918662399256
SiLU rt8 e0.85,silu,8,0.16,5,0.008556819740831667,2.139204935207917e-06,0.0014980302477463963
SiLU rt8 e0.85,silu,8,0.16,11,0.01575464659442727,3.938661648606817e-06,0.001145679555296718
SiLU rt8 e0.85,silu,8,0.16,23,0.020666304029752447,5.166576007438111e-06,0.0013791240615445067
SiLU rt8 e0.85,silu,8,0.16,37,0.015506192550808318,3.876548137702079e-06,0.0017712709830079501
SiLU rt8 e0.85,silu,8,0.16,41,0.022023095818783034,5.505773954695759e-06,0.00119017789711066
SiLU rt8 e0.85,silu,8,0.16,53,0.01613353921876748,4.03338480469187e-06,0.0017470635526696668
SiLU rt8 e0.85,silu,8,0.16,67,0.021503314586380218,5.375828646595054e-06,0.0008160214647189295
SiLU rt8 e0.85,silu,8,0.16,71,0.019014173222990594,4.753543305747648e-06,0.0015950825808405595
SiLU rt8 e0.85,silu,8,0.16,83,0.01603416217703979,4.008540544259947e-06,0.001663305432818357
SiLU rt8 e0.85,silu,8,0.16,97,0.018366212870405296,4.591553217601324e-06,0.0007867015878304517
SiLU rt8 e0.85,silu,8,0.16,101,0.030056760348543765,7.514190087135941e-06,0.0012768884048851101
SiLU rt8 e0.85,silu,8,0.16,103,0.010563075345078499,2.640768836269625e-06,0.001097252285435478
SiLU rt8 e0.85,silu,8,0.16,107,0.02298818057928287,5.747045144820717e-06,0.0011332683260175858
SiLU rt8 e0.85,silu,8,0.16,109,0.02612030677526589,6.5300766938164724e-06,0.0010902687778430033
SiLU rt8 e0.85,silu,8,0.16,113,0.028364210607376705,7.091052651844176e-06,0.0012229417918113309
SiLU rt8 e0.85,silu,8,0.16,127,0.014771298757395912,3.692824689348978e-06,0.0016164195792769897
SiLU rt8 e0.85,silu,8,0.16,131,0.016529461467841844,4.132365366960461e-06,0.0012039614215007632
SiLU rt8 e0.85,silu,8,0.16,137,0.014159162919191726,3.5397907297979314e-06,0.0016913891248681676
SiLU rt8 e0.85,silu,8,0.16,139,0.025605140195894993,6.401285048973748e-06,0.0014082679849186685
SiLU rt8 e0.85,silu,8,0.16,149,0.016301743410921055,4.0754358527302635e-06,0.0017094010503485037
SiLU rt8 e0.85,silu,8,0.16,151,0.01510275105649006,3.775687764122515e-06,0.0016818626985558147
SiLU rt8 e0.85,silu,8,0.16,157,0.016622714331958166,4.1556785829895415e-06,0.0014975718033884674
SiLU rt8 e0.85,silu,8,0.16,163,0.020753246012534587,5.188311503133647e-06,0.0015313206010950948
SiLU rt8 e0.85,silu,8,0.16,167,0.021050790064382152,5.262697516095538e-06,0.0011156272617784298
SiLU rt8 e0.85,silu,8,0.16,173,0.022400388292953766,5.600097073238441e-06,0.0009853934603513803
SiLU rt8 e0.85,silu,8,0.16,179,0.0209185490670889,5.229637266772225e-06,0.001120274802747802
SiLU rt8 e0.85,silu,8,0.16,181,0.013624214617845576,3.4060536544613938e-06,0.0008404164008149441
SiLU rt8 e0.85,silu,8,0.16,191,0.0163446666539645,4.086166663491126e-06,0.0011184626418745468
SiLU rt8 e0.85,silu,8,0.16,193,0.020622786360681156,5.1556965901702885e-06,0.00163913157677883
SiLU rt8 e0.85,silu,8,0.16,197,0.021546502162972048,5.3866255407430115e-06,0.0011680097370307886
SiLU rt8 e0.85,silu,8,0.16,199,0.016662544563330606,4.165636140832652e-06,0.0011723771358238251
SiLU rt8 e0.85,silu,8,0.16,211,0.023356459608696367,5.839114902174092e-06,0.001519362384278041
SiLU rt8 e0.85,silu,8,0.16,223,0.024802460394205084,6.200615098551271e-06,0.0015830586506646973
SiLU rt8 e0.85,silu,8,0.16,227,0.019980986781239052,4.995246695309763e-06,0.0013099707361975716
SiLU rt8 e0.85,silu,8,0.16,229,0.019173569470097962,4.79339236752449e-06,0.0011737969549127797
SiLU rt8 e0.85,silu,8,0.16,233,0.009513645708966956,2.378411427241739e-06,0.0015707500796012471
SiLU rt8 e0.85,silu,8,0.16,239,0.016896350407265892,4.224087601816473e-06,0.0012778066091452234
SiLU rt8 e0.85,silu,8,0.16,241,0.01132110411870424,2.8302760296760598e-06,0.0016955784670968674
SiLU rt8 e0.85,silu,8,0.16,251,0.017201407942258773,4.300351985564693e-06,0.0017903557195664333
SiLU rt8 e0.85,silu,8,0.16,257,0.017144030647625375,4.286007661906344e-06,0.001542817582581162
SiLU rt8 e0.85,silu,8,0.16,263,0.010123323342558943,2.5308308356397357e-06,0.0016050250174683073
SiLU rt8 e0.85,silu,8,0.16,269,0.011844724458843658,2.9611811147109148e-06,0.0013933725120543817
SiLU rt8 e0.85,silu,8,0.16,271,0.016747034129718008,4.186758532429502e-06,0.001799786548681099
SiLU rt8 e0.85,silu,8,0.16,277,0.016184215208870256,4.046053802217564e-06,0.000848532149989119
SiLU rt8 e0.85,silu,8,0.16,281,0.022766440994446024,5.691610248611506e-06,0.0012132677755780975
SiLU rt8 e0.85,silu,8,0.16,283,0.02641211937650001,6.603029844125002e-06,0.0008190703506178362
SiLU rt8 e0.85,silu,8,0.16,293,0.013311886275839457,3.3279715689598644e-06,0.0015914355163256075
SiLU rt8 e0.85,silu,8,0.16,307,0.018400820360841452,4.600205090210363e-06,0.0014293360128773249
SiLU rt8 e0.85,silu,8,0.16,311,0.02048026374792944,5.12006593698236e-06,0.0009518760153302069
SiLU rt8 e0.85,silu,8,0.16,313,0.018407993912654796,4.601998478163699e-06,0.0012896357910990694
SiLU rt12 e0.85,silu,12,0.24,5,0.31227107471847515,7.806776867961879e-05,0.0003455031174974785
SiLU rt12 e0.85,silu,12,0.24,11,0.17322697377675833,4.330674344418958e-05,0.0004266905234101379
SiLU rt12 e0.85,silu,12,0.24,23,0.8888695582557099,0.00022221738956392748,0.001224979603971089
SiLU rt12 e0.85,silu,12,0.24,37,0.6150589619114196,0.0001537647404778549,0.0006975708004023893
SiLU rt12 e0.85,silu,12,0.24,41,0.18467234306812663,4.6168085767031656e-05,0.0008800239236802606
SiLU rt12 e0.85,silu,12,0.24,53,0.19187589682146156,4.796897420536539e-05,0.0005610811749879856
SiLU rt12 e0.85,silu,12,0.24,67,0.38260126813670703,9.565031703417675e-05,0.0015295132875928039
SiLU rt12 e0.85,silu,12,0.24,71,0.24553711743147277,6.13842793578682e-05,0.00043207511741642334
SiLU rt12 e0.85,silu,12,0.24,83,0.3452849043601409,8.632122609003523e-05,0.00021126036908938284
SiLU rt12 e0.85,silu,12,0.24,97,0.18335368364570104,4.583842091142526e-05,0.00027619469490711433
SiLU rt12 e0.85,silu,12,0.24,101,0.36118452285233804,9.029613071308451e-05,0.00029346402464845933
SiLU rt12 e0.85,silu,12,0.24,103,0.10487416533721028,2.621854133430257e-05,0.0005742993801059879
SiLU rt12 e0.85,silu,12,0.24,107,0.19495881322171615,4.873970330542904e-05,0.00032373955756063554
SiLU rt12 e0.85,silu,12,0.24,109,0.25200846747434746,6.300211686858686e-05,0.0003443890974519381
SiLU rt12 e0.85,silu,12,0.24,113,0.12914671879085116,3.228667969771279e-05,0.00038617258906375573
SiLU rt12 e0.85,silu,12,0.24,127,0.1388819539880476,3.47204884970119e-05,0.0007955279136630733
SiLU rt12 e0.85,silu,12,0.24,131,0.2017459832376679,5.043649580941698e-05,0.00040848535654019666
SiLU rt12 e0.85,silu,12,0.24,137,0.2839941788804957,7.099854472012393e-05,0.0007736755156716127
SiLU rt12 e0.85,silu,12,0.24,139,0.24077630843078934,6.0194077107697336e-05,0.0002737300066395072
SiLU rt12 e0.85,silu,12,0.24,149,0.16619025109334884,4.154756277333721e-05,0.0011359460996567027
SiLU rt12 e0.85,silu,12,0.24,151,0.4922306354930906,0.00012305765887327266,0.00026155209206516107
SiLU rt12 e0.85,silu,12,0.24,157,0.20239554269111237,5.059888567277809e-05,0.0004971500128423958
SiLU rt12 e0.85,silu,12,0.24,163,0.1615431406423643,4.038578516059108e-05,0.0006724744446417967
SiLU rt12 e0.85,silu,12,0.24,167,0.1285366279611334,3.213415699028335e-05,0.0005088655083062833
SiLU rt12 e0.85,silu,12,0.24,173,0.19212121088043377,4.803030272010844e-05,0.0005351038640009247
SiLU rt12 e0.85,silu,12,0.24,179,0.17433967764193636,4.358491941048409e-05,0.0006124580981082131
SiLU rt12 e0.85,silu,12,0.24,181,0.19880777245458714,4.970194311364679e-05,0.0004861733101386238
SiLU rt12 e0.85,silu,12,0.24,191,0.07350704706361377,1.8376761765903444e-05,0.0009970440038614967
SiLU rt12 e0.85,silu,12,0.24,193,0.10551609695461894,2.6379024238654736e-05,0.0003650463453835188
SiLU rt12 e0.85,silu,12,0.24,197,0.13885456588810996,3.471364147202749e-05,0.0005222760688013105
SiLU rt12 e0.85,silu,12,0.24,199,0.26911711391497095,6.727927847874274e-05,0.0007428231387008722
SiLU rt12 e0.85,silu,12,0.24,211,0.3148005716720115,7.870014291800287e-05,0.0003810655851404725
SiLU rt12 e0.85,silu,12,0.24,223,0.6634799573224684,0.00016586998933061712,0.0003275832704616283
SiLU rt12 e0.85,silu,12,0.24,227,0.1754380916922207,4.385952292305517e-05,0.00039489163657987483
SiLU rt12 e0.85,silu,12,0.24,229,0.14243989608230934,3.560997402057733e-05,0.00029732792884771105
SiLU rt12 e0.85,silu,12,0.24,233,0.17428935744999519,4.35723393624988e-05,0.0005949433061746996
SiLU rt12 e0.85,silu,12,0.24,239,0.2831206228024711,7.078015570061777e-05,0.00024350671850476068
SiLU rt12 e0.85,silu,12,0.24,241,0.13951605801464884,3.487901450366221e-05,0.000997282208100168
SiLU rt12 e0.85,silu,12,0.24,251,0.22902411554052837,5.7256028885132095e-05,0.0010194131746476555
SiLU rt12 e0.85,silu,12,0.24,257,0.08924670863235884,2.231167715808971e-05,0.0004091407730754145
SiLU rt12 e0.85,silu,12,0.24,263,0.16696574430533073,4.174143607633268e-05,0.0008032504445177142
SiLU rt12 e0.85,silu,12,0.24,269,0.3878879492988846,9.697198732472114e-05,0.00036344187132296424
SiLU rt12 e0.85,silu,12,0.24,271,0.1998460101441163,4.996150253602907e-05,0.001019007986445206
SiLU rt12 e0.85,silu,12,0.24,277,0.2551607774522453,6.379019436306133e-05,0.0003867226816709024
SiLU rt12 e0.85,silu,12,0.24,281,0.2991939372818443,7.479848432046107e-05,0.00031404326926556553
SiLU rt12 e0.85,silu,12,0.24,283,0.18842056047519462,4.7105140118798655e-05,0.0004710868184549244
SiLU rt12 e0.85,silu,12,0.24,293,0.5181287398821914,0.00012953218497054785,0.0003987635532749154
SiLU rt12 e0.85,silu,12,0.24,307,0.4662888513208429,0.00011657221283021073,0.0005103040560020172
SiLU rt12 e0.85,silu,12,0.24,311,0.2868664607655711,7.171661519139277e-05,0.00021996346022256686
SiLU rt12 e0.85,silu,12,0.24,313,0.21968867384352775,5.4922168460881936e-05,0.0009610965788005536
SiLU rt16 e0.85,silu,16,0.32,5,0.2765433516324407,6.913583790811017e-05,0.00029608074040950167
SiLU rt16 e0.85,silu,16,0.32,11,0.10282683510394697,2.5706708775986742e-05,0.00043151323212087744
SiLU rt16 e0.85,silu,16,0.32,23,0.49516424504168904,0.00012379106126042227,0.00022337496980651895
SiLU rt16 e0.85,silu,16,0.32,37,0.13263699690339859,3.3159249225849646e-05,0.000758416715713911
SiLU rt16 e0.85,silu,16,0.32,41,0.3927611646914348,9.81902911728587e-05,0.0006543216718441454
SiLU rt16 e0.85,silu,16,0.32,53,0.19113012311082633,4.778253077770658e-05,0.00031847245950818414
SiLU rt16 e0.85,silu,16,0.32,67,0.23808069389524644,5.952017347381161e-05,0.0002983893316367537
SiLU rt16 e0.85,silu,16,0.32,71,0.7444865628873313,0.00018612164072183282,0.0005547322447574198
SiLU rt16 e0.85,silu,16,0.32,83,0.5295397698659589,0.0001323849424664897,0.00024980262546234677
SiLU rt16 e0.85,silu,16,0.32,97,0.7673530314474681,0.00019183825786186703,0.0004736035157108625
SiLU rt16 e0.85,silu,16,0.32,101,0.1307341605554323,3.268354013885808e-05,0.0011601482598387397
SiLU rt16 e0.85,silu,16,0.32,103,0.20444068175870556,5.111017043967639e-05,0.0005618158495272877
SiLU rt16 e0.85,silu,16,0.32,107,0.5801155619665794,0.00014502889049164487,0.0007820740299995239
SiLU rt16 e0.85,silu,16,0.32,109,0.35554747193915515,8.888686798478878e-05,0.0007727387707889954
SiLU rt16 e0.85,silu,16,0.32,113,0.25937617301065996,6.484404325266499e-05,0.00029097015582372343
SiLU rt16 e0.85,silu,16,0.32,127,0.36444336392277266,9.111084098069317e-05,0.0003690316027869739
SiLU rt16 e0.85,silu,16,0.32,131,0.16175649284679172,4.043912321169793e-05,0.0004371874381918545
SiLU rt16 e0.85,silu,16,0.32,137,0.4708371204394385,0.00011770928010985962,0.00024781940734199627
SiLU rt16 e0.85,silu,16,0.32,139,0.22537022730425005,5.634255682606251e-05,0.0008685258657495213
SiLU rt16 e0.85,silu,16,0.32,149,0.7750341494225401,0.00019375853735563504,0.000627478631034289
SiLU rt16 e0.85,silu,16,0.32,151,0.11812305255466304,2.9530763138665762e-05,0.0006631311899125325
SiLU rt16 e0.85,silu,16,0.32,157,0.13937444690041145,3.484361172510286e-05,0.00039152117301132443
SiLU rt16 e0.85,silu,16,0.32,163,0.19944523473172726,4.986130868293182e-05,0.00035897765913561655
SiLU rt16 e0.85,silu,16,0.32,167,0.37393490996304796,9.3483727490762e-05,0.0002979925256381757
SiLU rt16 e0.85,silu,16,0.32,173,0.15987829619169036,3.996957404792259e-05,0.00118513179507998
SiLU rt16 e0.85,silu,16,0.32,179,0.5520374902725471,0.00013800937256813677,0.0004587306111399001
SiLU rt16 e0.85,silu,16,0.32,181,0.10375461594858792,2.593865398714698e-05,0.0006365295063387138
SiLU rt16 e0.85,silu,16,0.32,191,0.3810915503183126,9.527288757957815e-05,0.00018311197260840648
SiLU rt16 e0.85,silu,16,0.32,193,0.21344141739425215,5.3360354348563035e-05,0.0002599796924976207
SiLU rt16 e0.85,silu,16,0.32,197,0.49801602710604886,0.0001245040067765122,0.0004029283541546844
SiLU rt16 e0.85,silu,16,0.32,199,0.19652557666796977,4.913139416699244e-05,0.00045987196936063743
SiLU rt16 e0.85,silu,16,0.32,211,0.648372599238604,0.000162093149809651,0.00037387677547303657
SiLU rt16 e0.85,silu,16,0.32,223,0.8054068343708947,0.00020135170859272367,0.0010545080398839102
SiLU rt16 e0.85,silu,16,0.32,227,0.7396685506528418,0.00018491713766321044,0.0008631315402761258
SiLU rt16 e0.85,silu,16,0.32,229,0.17982645524863994,4.495661381215998e-05,0.0003889430695446089
SiLU rt16 e0.85,silu,16,0.32,233,0.13683941947021405,3.420985486755351e-05,0.0003888703122185136
SiLU rt16 e0.85,silu,16,0.32,239,0.08184484190597319,2.0461210476493296e-05,0.0009303177311323066
SiLU rt16 e0.85,silu,16,0.32,241,0.19419367089555628,4.854841772388907e-05,0.00023561456015855497
SiLU rt16 e0.85,silu,16,0.32,251,0.31485229877048626,7.871307469262157e-05,0.0003037212275185635
SiLU rt16 e0.85,silu,16,0.32,257,0.19047857045525685,4.761964261381421e-05,0.0005105878330578075
SiLU rt16 e0.85,silu,16,0.32,263,0.2037128466727075,5.092821166817687e-05,0.0006535376473526539
SiLU rt16 e0.85,silu,16,0.32,269,0.3510626140355039,8.776565350887597e-05,0.0002892821576354826
SiLU rt16 e0.85,silu,16,0.32,271,0.16699990707374524,4.1749976768436305e-05,0.0005500357198580602
SiLU rt16 e0.85,silu,16,0.32,277,0.19529248033403956,4.882312008350989e-05,0.0002484371068068675
SiLU rt16 e0.85,silu,16,0.32,281,0.8217537058904607,0.00020543842647261518,0.0015182843102856142
SiLU rt16 e0.85,silu,16,0.32,283,0.583757548625665,0.00014593938715641623,0.0007948650550551802
SiLU rt16 e0.85,silu,16,0.32,293,0.2808634895828852,7.02158723957213e-05,0.0008500062045121418
SiLU rt16 e0.85,silu,16,0.32,307,0.14368260261347665,3.5920650653369164e-05,0.0005393175412407551
SiLU rt16 e0.85,silu,16,0.32,311,0.28731282198888863,7.182820549722216e-05,0.0003435017475359468
SiLU rt16 e0.85,silu,16,0.32,313,0.24908480603128746,6.227120150782186e-05,0.0006838574979480075
SiLU rt20 e0.85,silu,20,0.4,5,0.4270197931550505,0.00010675494828876263,0.00030890267504737727
SiLU rt20 e0.85,silu,20,0.4,11,0.09841269789920767,2.4603174474801917e-05,0.00018516704605758605
SiLU rt20 e0.85,silu,20,0.4,23,0.420944177897533,0.00010523604447438326,0.0003006683024616412
SiLU rt20 e0.85,silu,20,0.4,37,0.3836426833134905,9.591067082837262e-05,0.0002473066015608727
SiLU rt20 e0.85,silu,20,0.4,41,0.12480772720621675,3.1201931801554185e-05,9.136901788395748e-05
SiLU rt20 e0.85,silu,20,0.4,53,0.0008416658724204338,2.1041646810510845e-07,2.5712822918287445e-05
SiLU rt20 e0.85,silu,20,0.4,67,0.2578276464699112,6.44569116174778e-05,0.0003219076818101731
SiLU rt20 e0.85,silu,20,0.4,71,0.021921047208849416,5.480261802212354e-06,9.031232691884735e-05
SiLU rt20 e0.85,silu,20,0.4,83,0.026841051445975816,6.710262861493954e-06,3.304988181451203e-05
SiLU rt20 e0.85,silu,20,0.4,97,0.30896128100439374,7.724032025109844e-05,0.0001728871978110128
SiLU rt20 e0.85,silu,20,0.4,101,0.2678302580354446,6.695756450886114e-05,0.00015802275577323267
SiLU rt20 e0.85,silu,20,0.4,103,0.5037065469720595,0.00012592663674301487,0.00030945678416141066
SiLU rt20 e0.85,silu,20,0.4,107,0.09676123442502785,2.419030860625696e-05,0.0001321342006070672
SiLU rt20 e0.85,silu,20,0.4,109,0.43690379858566414,0.00010922594964641604,0.00043028465524128366
SiLU rt20 e0.85,silu,20,0.4,113,0.24052184725085585,6.013046181271396e-05,0.00011903954521220555
SiLU rt20 e0.85,silu,20,0.4,127,0.4153120097998533,0.00010382800244996332,0.00028583602713356935
SiLU rt20 e0.85,silu,20,0.4,131,0.1534798561300724,3.83699640325181e-05,0.00016277952064996367
SiLU rt20 e0.85,silu,20,0.4,137,0.20411023353381877,5.102755838345469e-05,0.0002457050362687235
SiLU rt20 e0.85,silu,20,0.4,139,0.11478792207399335,2.869698051849834e-05,0.00011271223132972236
SiLU rt20 e0.85,silu,20,0.4,149,0.3246222056789947,8.115555141974867e-05,0.0001919026595483138
SiLU rt20 e0.85,silu,20,0.4,151,0.24420581350502862,6.105145337625716e-05,0.0002212796396918029
SiLU rt20 e0.85,silu,20,0.4,157,0.04941434024004372,1.2353585060010931e-05,6.895517804062258e-05
SiLU rt20 e0.85,silu,20,0.4,163,0.32845950081933567,8.211487520483392e-05,0.00018087974002444174
SiLU rt20 e0.85,silu,20,0.4,167,0.3307257481393843,8.268143703484609e-05,0.0002507650614179002
SiLU rt20 e0.85,silu,20,0.4,173,0.08059414696118608,2.014853674029652e-05,6.328232226461011e-05
SiLU rt20 e0.85,silu,20,0.4,179,0.4093950491273906,0.00010234876228184765,0.0002277612190754841
SiLU rt20 e0.85,silu,20,0.4,181,0.3037799770006366,7.594499425015915e-05,0.0004363920935119263
SiLU rt20 e0.85,silu,20,0.4,191,0.4611929810026691,0.00011529824525066727,0.0005162588047330842
SiLU rt20 e0.85,silu,20,0.4,193,0.09019818914203835,2.254954728550959e-05,7.736456069508812e-05
SiLU rt20 e0.85,silu,20,0.4,197,0.3529685575430401,8.824213938576001e-05,0.0003340800350216147
SiLU rt20 e0.85,silu,20,0.4,199,0.3889074762822631,9.722686907056576e-05,0.00025037718490002057
SiLU rt20 e0.85,silu,20,0.4,211,0.13294659580525264,3.323664895131316e-05,0.00012343871317583967
SiLU rt20 e0.85,silu,20,0.4,223,0.337889247848384,8.4472311962096e-05,0.000350645322863228
SiLU rt20 e0.85,silu,20,0.4,227,0.0009771574314008003,2.442893578502001e-07,8.803495933813337e-06
SiLU rt20 e0.85,silu,20,0.4,229,0.31752294148723825,7.938073537180956e-05,0.00017553616130218662
SiLU rt20 e0.85,silu,20,0.4,233,0.017730261379196276,4.432565344799069e-06,0.00014118891747756917
SiLU rt20 e0.85,silu,20,0.4,239,0.4558712838345233,0.00011396782095863083,0.0004848816174452667
SiLU rt20 e0.85,silu,20,0.4,241,0.0002803824322612149,7.009560806530373e-08,1.0442623241630999e-05
SiLU rt20 e0.85,silu,20,0.4,251,0.357037882696612,8.925947067415301e-05,0.0005864519436770912
SiLU rt20 e0.85,silu,20,0.4,257,0.3269143123613569,8.172857809033922e-05,0.0006367408319830547
SiLU rt20 e0.85,silu,20,0.4,263,0.00932268194270102,2.330670485675255e-06,0.00010635952614898595
SiLU rt20 e0.85,silu,20,0.4,269,0.338330559793654,8.45826399484135e-05,0.00015041186597069178
SiLU rt20 e0.85,silu,20,0.4,271,0.2555905702193364,6.38976425548341e-05,0.00013606292522729875
SiLU rt20 e0.85,silu,20,0.4,277,0.007611081516092747,1.9027703790231867e-06,1.5327673566153764e-05
SiLU rt20 e0.85,silu,20,0.4,281,0.16759083098880256,4.1897707747200644e-05,0.00016580614615846446
SiLU rt20 e0.85,silu,20,0.4,283,0.07174608382444231,1.7936520956110575e-05,6.744564169522143e-05
SiLU rt20 e0.85,silu,20,0.4,293,0.23879633199271805,5.969908299817951e-05,0.00018023753637272155
SiLU rt20 e0.85,silu,20,0.4,307,0.3732643687631171,9.331609219077927e-05,0.0001774484389677341
SiLU rt20 e0.85,silu,20,0.4,311,0.219259899617047,5.481497490426175e-05,0.00010963328364052354
SiLU rt20 e0.85,silu,20,0.4,313,0.24991371888353311,6.247842972088327e-05,0.00021620960196965625
