L_late_med,L_late_n,L_late_q1,L_late_q3,L_late_sd,M,basis,cm0_med,cm0_n,cm0_q1,cm0_q3,cm0_sd,cm_end_med,cm_end_n,cm_end_q1,cm_end_q3,cm_end_sd,d_mean_plat_med,d_mean_plat_n,d_mean_plat_q1,d_mean_plat_q3,d_mean_plat_sd,d_min_plat_med,d_min_plat_n,d_min_plat_q1,d_min_plat_q3,d_min_plat_sd,eta,gap_sat_med,gap_sat_n,gap_sat_q1,gap_sat_q3,gap_sat_sd,gid,high_amplitude,mean_end_med,mean_end_n,mean_end_q1,mean_end_q3,mean_end_sd,n_diverged,n_seeds,p,r_s,r_t,ratio_med,ratio_n,ratio_q1,ratio_q3,ratio_sd,rho2_med,rho2_n,rho2_q1,rho2_q3,rho2_sd,s_band_med,s_band_n,s_band_q1,s_band_q3,s_band_sd,source,t50_med,t50_n,t50_q1,t50_q3,t50_sd,t_plateau_med,t_plateau_n,t_plateau_q1,t_plateau_q3,t_plateau_sd,t_sat_med,t_sat_n,t_sat_q1,t_sat_q3,t_sat_sd,tau_V_sq_med,tau_V_sq_n,tau_V_sq_q1,tau_V_sq_q3,tau_V_sq_sd,teacher,verdict
6.141731212305214,50,6.122266476660576,6.167695823672048,0.04992521223396536,50,"mean cos2 reached 99% of final at t=620, before the plateau formed at t=2178, so the plateau gain is ~0 by construction (-0.014); from t_sat onward cos2=0.900 is fixed while the loss stays 2699.0x the feature-limited optimum; large-amplitude cycle: 50/50 seeds Lbar>5 but 1-rho2=4e-07 -- locked, not divergent",0.0010972918231874325,50,0.0001762172660557867,0.002623504827752242,0.002940765982083278,0.6584765435738853,50,0.6338731473941295,0.671344725246235,0.02707644373628183,-0.014311485050603923,50,-0.016898333965798235,-0.010713127071139361,0.00528319036693097,-0.06508891985367066,50,-0.07915650075032593,-0.05215475230102298,0.02053302033873442,2.0,2699.029168884797,50,2311.563455584725,3048.701164876087,639.8672015406156,R1,True,0.9002833578781353,50,0.8945596355721348,0.9042128503332809,0.006842504930116402,50,50,100,50,4,3027.5425681990628,50,2499.7664651217756,3718.956242248826,1740.0961788013003,0.999999579761203,50,0.9999995049484218,0.9999996577553578,1.2413106766689005e-07,0.0028125,50,0.0025,0.0032142857142857142,0.0004417895992499385,paper grid,320.0,50,300.0,340.0,39.795395077668914,2178.0,50,2096.5,2281.5,147.07271004784104,620.0,50,560.0,680.0,114.84434896761756,0.15404909657543697,50,0.14335865081761723,0.16180696013133966,0.01631087315240066,relu,"saturates early, gap persists"
3.505669812548395,50,3.461163837720069,3.573121221599349,0.06839382725804787,50,"1-rho2=3e-08, L/L_V_opt=218.8, plateau gains dmean=+0.389 / dmin=+0.930",0.0006457393280658477,50,0.00025502012799712766,0.0017116950125979234,0.002125915060580914,0.9568109806165436,50,0.951636051968665,0.9597398438846121,0.004914947020165966,0.3890434917213259,50,0.34099154268358156,0.43216687769054274,0.12024885936843688,0.930053734225718,50,0.8722100812344338,0.9468621154903114,0.256503583567295,1.5,202.15327605072974,50,148.27629555496162,267.0447949245517,93.96907210166462,R2,False,0.9761982453389322,50,0.9743409642752938,0.9782052434423533,0.002722360275805866,0,50,100,50,6,218.7629147239574,50,159.18799222927237,295.6084911996961,94.42407046977355,0.9999999749489801,50,0.9999999456407698,0.9999999929425589,4.2000322689727635e-08,0.0007767857142857142,50,0.000576923076923077,0.0011842105263157896,0.0004909422677926786,paper grid,1310.0,50,1180.0,1480.0,272.7124522874837,501.0,50,501.0,501.0,1886.3224668596808,4820.0,50,4620.0,5135.0,428.9339419195131,0.12944028786743209,50,0.11845230125051362,0.1403141892727592,0.016756930397418407,relu,clean plateau-with-learning
3.7862299461531475,50,3.776801773307053,3.7984384820767874,0.01581281298422196,50,"1-rho2=1e-10, L/L_V_opt=38.4, plateau gains dmean=+0.461 / dmin=+0.896",0.0004994766541175189,50,7.964672566979844e-05,0.0012091249996479458,0.001915002861883537,0.9080948503255837,50,0.8995848382804986,0.9151593989049438,0.011607943744154768,0.4609687240937123,50,0.44564008047173825,0.4826393815347966,0.03191120712093311,0.8959397963573423,50,0.8733093840787554,0.9096885745383116,0.025247037996194373,1.5,39.364810234172666,50,37.731458901917875,42.55833595765631,3.983988399180803,R3,False,0.9464695534561316,50,0.9421266762759029,0.9486249914255271,0.004125792947557376,0,50,100,50,8,38.439111982766946,50,36.910220409283454,41.243377143053166,3.8875342602240295,0.9999999998835818,50,0.9999999998794529,0.9999999998889888,7.367017204036079e-12,0.0003103595890410959,50,0.00021586134453781513,0.0005666208791208792,0.0004657794587365498,paper grid,2920.0,50,2595.0,3195.0,434.50295318505096,501.0,50,501.0,501.0,0.0,6790.0,50,6595.0,6880.0,184.10334276249995,0.21940330466137709,50,0.20481767914204152,0.23302396205397663,0.022069883187814394,relu,clean plateau-with-learning
1.7145660323682197,50,1.7106529930741836,1.7177744011839708,0.0060208917756261245,50,"1-rho2=1e-10, L/L_V_opt=13.7, plateau gains dmean=+0.343 / dmin=+0.816",0.0004994766541175189,50,7.964672566979844e-05,0.0012091249996479458,0.001915002861883537,0.856447002759843,50,0.831517384572185,0.8795731778842212,0.033760366790139,0.3430673318234861,50,0.3110003921006237,0.3655120755278646,0.036855541548601815,0.815575825408656,50,0.7660168428391574,0.8467791958731269,0.055006199737199724,1.0,14.107231983834097,50,13.151828028822726,15.058077431148199,1.5234038482082577,R4,False,0.9318622909806944,50,0.9254221656549324,0.9370156332520106,0.007340408219002974,0,50,100,50,8,13.651188204964843,50,12.836791567332632,14.719234587109248,1.5022187396178037,0.9999999999423023,50,0.9999999999389564,0.9999999999458511,5.9303737413597035e-12,0.00017110513532269257,50,0.0001447357320622601,0.00031142979452054793,0.00037107963391582496,paper top-6,3540.0,50,2965.0,4280.0,941.9178004779095,505.0,50,505.0,506.0,0.7284313590846836,7070.0,50,6935.0,7250.0,224.1358917246046,0.1874068093037858,50,0.16920441761309984,0.20397781985028243,0.020529938936700333,relu,clean plateau-with-learning
2.6437840318198944,50,2.6360920643697847,2.651712843206166,0.010054806896059003,50,"1-rho2=1e-10, L/L_V_opt=25.6, plateau gains dmean=+0.409 / dmin=+0.841",0.0004994766541175189,50,7.96467256697989e-05,0.0012091249996479458,0.001915002861883537,0.8619158574725269,50,0.8432066330730122,0.8791867767223329,0.024026934341550676,0.4090442181160367,50,0.3825781209334955,0.43188478004072467,0.040346046361128325,0.8413979422604796,50,0.8096872212921784,0.8602037907310552,0.03411739623682101,1.25,26.12812610252493,50,24.12083689161211,27.340733227527455,3.155176354544852,R10,False,0.9272117588414851,50,0.9248765407513101,0.9345552570866158,0.006302329174249997,0,50,100,50,8,25.612083812535168,50,23.767337525795433,26.877011238891654,3.086675240472962,0.9999999999243467,50,0.9999999999206202,0.9999999999269198,5.755363242059269e-12,0.00021964285714285716,50,0.0001607392452244137,0.0004000234962406015,0.00036301840471071394,paper top-6,3720.0,50,3210.0,4115.0,643.4124585650598,502.0,50,502.0,502.0,0.0,7110.0,50,7040.0,7220.0,173.20790857185688,0.20697229791994484,50,0.19201181930774314,0.22130340567775708,0.02368369331523798,relu,clean plateau-with-learning
1.4125022331536912,50,1.4071690375979435,1.416632570823869,0.006513207757500734,30,"1-rho2=1e-10, L/L_V_opt=16.0, plateau gains dmean=+0.401 / dmin=+0.823",0.00044826713175318163,50,8.05983442621311e-05,0.0014542751839014257,0.001578626947592076,0.8379888068007643,50,0.8189422091404153,0.8525809110106665,0.04205856656369422,0.4007588722213318,50,0.38335880455954124,0.4272526746399562,0.03702096830626933,0.8226804216759641,50,0.7936588973039109,0.8361222123496275,0.04597474697953348,1.5,16.22914196935477,50,14.445372390325215,19.182398089586727,3.9823260066239383,R5,False,0.9305729885033148,50,0.9249847135536713,0.9378652883344043,0.010244768487923245,0,50,100,30,8,15.977592607811356,50,14.17041314024858,18.89899299507203,3.880547681178352,0.999999999924338,50,0.9999999999188444,0.9999999999292755,7.685248635239646e-12,0.0001931366047745358,50,0.0001590165995975855,0.0002777777777777778,0.0004344905801308519,paper top-6,4350.0,50,3820.0,5170.0,990.1992378366309,559.0,50,553.0,566.0,9.36341120467082,7240.0,50,7145.0,7375.0,207.95760949515355,0.26349542541879856,50,0.24165317667834718,0.27860147802655416,0.0239404046687623,relu,clean plateau-with-learning
9.418857016777189,50,9.35312986526648,9.471974469934207,0.08187694694061012,80,"1-rho2=1e-09, L/L_V_opt=187.1, plateau gains dmean=+0.370 / dmin=+0.928; large-amplitude cycle: 50/50 seeds Lbar>5 but 1-rho2=1e-09 -- locked, not divergent",0.00026264620304817463,50,9.108000219334017e-05,0.0007167523614874183,0.002373855167183182,0.9439357224769999,50,0.9385742235721248,0.9491185289758265,0.007114305317019693,0.3697585754758993,50,0.34632159228183945,0.40745760217716165,0.044932119728902375,0.9282095797834251,50,0.9094798013814611,0.9421529454802224,0.045385897724798174,1.5,176.6521945127098,50,156.2860000957848,192.04954793779183,24.01976431879357,R11,True,0.9691026139160017,50,0.9682093263207378,0.9704758806804822,0.002303713131539536,50,50,100,80,8,187.1032512771039,50,162.12745649177,197.82925024078958,26.401999176979633,0.9999999986487824,50,0.999999995797914,0.999999999113042,4.84829774976156e-09,0.0006824448529411764,50,0.0004976617795753287,0.0011694078947368423,0.000525639017231969,paper grid,1490.0,50,1340.0,1675.0,311.84742475532903,500.0,50,500.0,500.0,0.0,5150.0,50,4930.0,5280.0,278.8887569901487,0.07858710969438183,50,0.07123659281898871,0.08885000911660444,0.011873362916927435,relu,clean plateau-with-learning
3.8146811021048515,50,3.804824073302632,3.824593010583995,0.01466941554589197,50,"1-rho2=1e-10, L/L_V_opt=20.1, plateau gains dmean=+0.289 / dmin=+0.827",0.000460571589572299,50,7.052298106518128e-05,0.0010012369592732303,0.0009951515458261144,0.8629905978053223,50,0.8511374639018663,0.8704387530275262,0.01564525638875915,0.2890684693335294,50,0.2717211993839369,0.3127226433521114,0.027478679460931063,0.8267505181781161,50,0.7837802559861486,0.8492532642289349,0.06224808523050534,1.5,20.36269931635483,50,19.074680256801013,22.360644987896006,2.934119409950682,R12,False,0.9271680877390228,50,0.9241210866948547,0.9305639960109946,0.005124416514335905,0,50,100,50,10,20.126328393167714,50,18.750044583288027,21.98258640326591,2.8559820346993248,0.9999999999448035,50,0.9999999999422885,0.9999999999466965,3.6204092214521503e-12,0.00020270270270270272,50,0.00016515279442205034,0.0002694897236002835,0.00020762592820601982,paper top-6,3060.0,50,2725.0,3350.0,481.61225830219354,503.0,50,503.0,503.0,0.1414213562373095,6860.0,50,6760.0,6980.0,152.2087717711487,0.2824762489025199,50,0.264519677067631,0.2975395354003627,0.025625315173599755,relu,clean plateau-with-learning
3.518932399340306,50,3.498748417744761,3.5445112017869085,0.038012213151980064,50,"1-rho2=1e-10, L/L_V_opt=23.3, plateau gains dmean=+0.056 / dmin=+0.309",0.0002801741718483947,50,5.323207181937278e-05,0.0009082639640213137,0.0011858396993130514,0.8255546402023823,50,0.7792395538842243,0.8547584609989272,0.08286950053344867,0.0564161472446969,50,0.045801211851455054,0.07952036846754623,0.021816628859179968,0.30934617319902535,50,0.23722843639191918,0.5278472046987377,0.2062009349291717,1.5,23.259736343395016,50,22.532156851108283,24.00978981799461,1.110244855537765,R6,False,0.9354595296191519,50,0.9309224775059289,0.9390010970966052,0.011909322978058873,0,50,100,50,12,23.260836809305374,50,22.462820528753813,23.999713962465584,1.0988782882485495,0.9999999999427613,50,0.999999999936626,0.9999999999507159,9.493892153967721e-12,0.0009578804347826087,50,0.00020797413793103447,0.0030357142857142857,0.0019039888909718004,paper top-6,470.0,50,150.0,2380.0,2158.2193718764684,510.0,50,504.0,517.75,9.584511314764939,5450.0,50,4995.0,6030.0,876.3929786695147,0.32930176864018623,50,0.3161774008125832,0.35177586000559913,0.027667456958301324,relu,clean plateau-with-learning
2.444570934833985,50,2.4393148363925015,2.449729880333101,0.009736148271487827,50,"1-rho2=3e-10, L/L_V_opt=26.3, plateau gains dmean=+0.268 / dmin=+0.686",0.0002943563478987121,50,6.80329788690917e-05,0.0009471932910590538,0.0009235600923761678,0.9243329065594168,50,0.919716899902698,0.9281995987176281,0.006856900999865763,0.2682539269993911,50,0.24384975795222447,0.29540183099951295,0.034990989900037274,0.6862709153997583,50,0.6028035078657369,0.8476858732111006,0.160509650852972,1.5,26.512592851230913,50,24.134651648182054,28.138142620784024,3.6985156713829968,R13,False,0.9485456399749606,50,0.9473016656396828,0.9501587135317451,0.002478097827263257,0,50,150,50,8,26.332065398896496,50,24.04390268006768,28.149792532036948,3.6551732008165674,0.9999999997418881,50,0.9999999997312513,0.9999999997511697,1.485950013198383e-11,0.0006818181818181819,50,0.0005522103658536586,0.0008913461538461538,0.0004112929175790847,paper top-6,890.0,50,800.0,1020.0,209.21661462879734,502.0,50,502.0,502.0,0.0,5600.0,50,5425.0,5780.0,249.38291187387694,0.38249661468067264,50,0.3614391196412018,0.39204223759308493,0.0278506753181055,relu,clean plateau-with-learning
3.8292031977795844,50,3.8231776299929976,3.838761674577438,0.012453088903152693,50,final cos2min=0.024<0.30 (mean cos2 still rises; tau_V^2=0.54),0.0001828553263932681,50,2.8916135690421202e-05,0.00037645961704551017,0.0005866361912264124,0.024278658634390125,50,0.0037706260710483365,0.06388282632422192,0.062318819370092704,0.22319336992408098,50,0.20992289313398887,0.2338362664888735,0.017678060370347085,0.02323979965371663,50,0.0032827352965089686,0.06321857556239789,0.060520195592242254,1.5,12.02586706246594,50,11.4584914257815,12.637384451095851,0.808725576942154,R7,False,0.6982127190458574,50,0.6830641311477088,0.7149630469958055,0.019895575078828165,0,50,100,50,16,11.708976145318886,50,11.201661822661773,12.359944978362883,0.806012699252459,0.9999999998121194,50,0.999999999802849,0.9999999998335831,2.5146641864516545e-11,nan,0,nan,nan,nan,boundary (r_t>12),nan,0,nan,nan,nan,563.0,50,559.0,565.0,4.1706457191046225,7700.0,50,7640.0,7800.0,128.6469619397463,0.5438770364693049,50,0.5242558922130258,0.5734039979885329,0.03846045523107438,relu,weakest direction not recovered
6.848887448161097,50,6.832605509034023,6.8598851573068735,0.021076948011395546,50,"final cos2min=0.023<0.30 (mean cos2 still rises; tau_V^2=0.74); large-amplitude cycle: 50/50 seeds Lbar>5 but 1-rho2=2e-10 -- locked, not divergent",0.00015935781882075485,50,1.5919929752360863e-05,0.00044885439857178316,0.000622134484645582,0.023180085656700312,50,0.007109195857000976,0.06537517279807947,0.05719099276131915,0.2212893353498999,50,0.2128286631933468,0.22949314149905642,0.01435017926755401,0.021091656208504467,50,0.005558863104977478,0.06440693627317133,0.05725203291429286,2.0,16.345826746886424,50,15.58894837040615,16.876522948028096,0.9681562804845442,R9,True,0.7222828979092215,50,0.7030451255375729,0.7328113428354459,0.02003154538407479,50,50,100,50,20,16.01672136571885,50,15.162643064113928,16.502534982389257,0.9641175256624192,0.9999999998434893,50,0.9999999998276963,0.9999999998525267,2.0474083921887913e-11,nan,0,nan,nan,nan,boundary (r_t>12),nan,0,nan,nan,nan,545.0,50,543.0,548.75,3.5665109000254014,7720.0,50,7685.0,7820.0,116.49367154572853,0.7425053441069843,50,0.7066377144631281,0.7718253507141845,0.039627302551493104,relu,weakest direction not recovered
0.671147570052388,50,0.6653245456474892,0.6766285212027612,0.008096138508206507,50,"1-rho2=2e-09, L/L_V_opt=5.1, plateau gains dmean=+0.201 / dmin=+0.771",0.0004994766541175189,50,7.96467256697989e-05,0.0012091249996479458,0.001915002861883537,0.9606094338102387,50,0.9549682922541738,0.9624830562648585,0.006692283517975931,0.20115495740978695,50,0.16975934538088816,0.23380334982576134,0.045504368755013104,0.7708213162441461,50,0.6343976224737191,0.9149463847654468,0.15551053976289975,0.6,5.068292312583123,50,4.94568964061417,5.230334366454123,0.2885693086668052,G14,False,0.9782040370290488,50,0.9766761491821413,0.9797518224409365,0.00214002871211035,0,50,100,50,8,5.058153362007049,50,4.944672554267354,5.22925787133406,0.2856944580799478,0.9999999978421723,50,0.9999999974197716,0.9999999983223494,8.500136265081904e-10,0.0005232558139534884,50,0.0003879310344827586,0.00075,0.0004570105772995636,paper top-6,1400.0,50,1010.0,1750.0,574.6550340537054,644.0,50,630.25,661.5,26.366150222416252,5330.0,50,5060.0,5500.0,330.15049135019547,0.1280836770175312,50,0.12039757661277764,0.13558605661324702,0.012151640163881048,gelu,clean plateau-with-learning
0.5321347741382367,50,0.5234395035972004,0.5359578229122683,0.00938304960304752,50,"1-rho2=5e-09, L/L_V_opt=4.1, plateau gains dmean=+0.124 / dmin=+0.483",0.0004994766541175189,50,7.96467256697989e-05,0.0012091249996479458,0.001915002861883537,0.9665408432567432,50,0.9633765853335031,0.9686453131656654,0.004564312597430042,0.12384954561589684,50,0.09090526748314084,0.1607366947429619,0.12447593226124788,0.4834032870865228,50,0.3007648362928864,0.6931699147069328,0.28179447878842856,0.5,4.098555346453383,50,3.9236654410217566,4.205595309774041,0.21571272040220263,G6,False,0.9813986378425914,50,0.9796479519776014,0.9821632611423853,0.001725160076068365,0,50,100,50,8,4.077025073202535,50,3.9178930103966785,4.191016963123616,0.21395960184979426,0.9999999946375391,50,0.9999999934620926,0.9999999961665555,2.6326402709988014e-09,0.0007144657258064517,50,0.00046875000000000004,0.0013235294117647058,0.0006779942900736289,paper top-6,1120.0,50,685.0,1215.0,453.4077770009001,813.0,50,757.75,869.5,1796.5803457612215,4870.0,50,4685.0,5160.0,344.49158041901666,0.12124922837161049,50,0.11443111627913352,0.12807354528642823,0.010666088597679028,gelu,clean plateau-with-learning
0.9589465771008263,50,0.954242014946637,0.9622586675621748,0.0062638239581419945,50,"1-rho2=2e-10, L/L_V_opt=4.3, plateau gains dmean=+0.207 / dmin=+0.836",0.000460571589572299,50,7.052298106518128e-05,0.0010012369592732303,0.0009951515458261144,0.9065306708124197,50,0.8979548428401187,0.914212282882931,0.018547510983833875,0.20715671615317244,50,0.1890720975649398,0.2277732005993122,0.03070424284430767,0.8362917130546307,50,0.7550426825152892,0.8890308276479605,0.10757486063983612,0.7,4.295224827899391,50,4.044922542570746,4.480631662686419,0.3577776520106478,G13,False,0.9572396209679477,50,0.9549964964473724,0.960040813322239,0.003879040364581379,0,50,100,50,10,4.311059028569792,50,4.047274142641587,4.501874962947931,0.36310282263403965,0.9999999997548418,50,0.9999999997379974,0.9999999997657992,1.937881673348467e-11,0.0002884615384615385,50,0.00020159774436090226,0.00042679195804195804,0.00024143518689544955,paper top-6,2360.0,50,1805.0,3040.0,766.7689964243149,546.0,50,543.25,550.0,5.564611213659376,6330.0,50,6180.0,6540.0,283.0896591224074,0.193167802885131,50,0.18255779547137096,0.205229849501174,0.016285782184780186,gelu,clean plateau-with-learning
0.8656157968657436,50,0.8601899023153675,0.8714224411630622,0.009900028819022431,50,"1-rho2=4e-10, L/L_V_opt=3.3, plateau gains dmean=+0.241 / dmin=+0.790",0.0002801741718483947,50,5.323207181937278e-05,0.000908263964021317,0.0011858396993130514,0.8331421365801798,50,0.799680331366177,0.8463581250613841,0.04996640676866274,0.24056935761422604,50,0.23127309896658582,0.2548242541976735,0.026182382267479008,0.7896289098104758,50,0.7324172242569669,0.8190756890155829,0.06455363122483423,0.6,3.3364601229825865,50,3.2408150434275647,3.4483344636642292,0.1822708742034243,G7,False,0.9371463529370866,50,0.9312270011683366,0.9409863520757338,0.007270393925625795,0,50,100,50,12,3.3437749576081965,50,3.2453350847389584,3.4484276705943193,0.1860777385279808,0.9999999996120339,50,0.9999999995697938,0.9999999996393762,4.172532288673754e-11,0.00020642201834862386,50,0.00014705882352941178,0.0003136895698515417,0.00035807455412039014,paper top-6,3670.0,50,3220.0,4755.0,1061.0353049580146,776.5,50,746.75,800.75,43.785381028794696,6960.0,50,6845.0,7060.0,208.17143641425812,0.2623654030332565,50,0.24917792064597094,0.27067946811841326,0.016291329107608155,gelu,clean plateau-with-learning
1.0004545011146657,50,0.9845539267862271,1.0098276240131154,0.029492269068662313,50,"1-rho2=2e-10, L/L_V_opt=4.0, plateau gains dmean=+0.145 / dmin=+0.741",0.0002801741718483947,50,5.323207181937278e-05,0.000908263964021317,0.0011858396993130514,0.8542778945592779,50,0.8325052134870711,0.8888812398979536,0.04201432960904746,0.1446078394494873,50,0.11725599465217829,0.18259620176281063,0.054078970842508865,0.7405399821765412,50,0.5512998654718648,0.8252783276553971,0.21158846279931282,0.7,3.9711486822896775,50,3.8312754281716197,4.091692239472578,0.21114498861749662,G5,False,0.9483950143104205,50,0.9439228814432451,0.9558919964752621,0.009326247218636228,0,50,100,50,12,3.980561637304545,50,3.836171846203546,4.085348116925964,0.21575712735286035,0.9999999997641579,50,0.9999999997381802,0.9999999997916968,5.5718605098228905e-11,0.00027794723196583804,50,0.0001705756929637527,0.0005558035714285715,0.0015464852752543976,paper top-6,2730.0,50,1530.0,3710.0,1488.8689584749236,550.5,50,543.5,558.0,14.892814319911029,6450.0,50,6060.0,6760.0,895.63193970993,0.24778927978785525,50,0.2361194376360522,0.2634566015619255,0.018833524213446987,gelu,clean plateau-with-learning
2.0442175430626808,50,2.0347339382450063,2.0554332491571308,0.014482241799518349,80,"1-rho2=2e-10, L/L_V_opt=8.4, plateau gains dmean=+0.246 / dmin=+0.575",0.00035825754702488216,50,0.00010623098876471864,0.0007749272149932931,0.001099384358953615,0.6071348783856008,50,0.5031636522184683,0.6908920654607614,0.19738398755391878,0.24612050042993744,50,0.23306687170437215,0.25944873455451956,0.02868662269973928,0.5750858215393444,50,0.48577094022945055,0.670977870783575,0.19474086658217543,0.7,8.422970706685003,50,8.227395487240408,8.735409623739681,0.3529755951320477,G12,False,0.8894333789542259,50,0.8720165203763358,0.899489903947651,0.021900741431110166,0,50,100,80,12,8.449696590455122,50,8.220596965528264,8.745358143848266,0.3612410500386771,0.9999999998267786,50,0.9999999998116014,0.9999999998466488,2.6797642232058806e-11,0.00010817307692307693,37,8.72093023255814e-05,0.0002556818181818182,0.00038478107778349,paper top-6,6460.0,37,5740.0,7140.0,1067.3488809352048,520.0,50,514.0,525.0,8.566665343179972,7480.0,50,7340.0,7595.0,161.31146194583334,0.10342620575319975,50,0.09419951206979768,0.11321162767904579,0.014022586129245623,gelu,clean plateau-with-learning
1.4972188196686966,50,1.4906304036493265,1.5055998966401196,0.010078172325005762,50,"1-rho2=1e-10, L/L_V_opt=4.0, plateau gains dmean=+0.230 / dmin=+0.438",0.0001828553263932681,50,2.8916135690421202e-05,0.0003764596170455142,0.0005866361912264124,0.4504947128777141,50,0.33745483449356034,0.5557030801191614,0.1844959126918494,0.2303085488397324,50,0.21490641516906828,0.23965514440797547,0.016086761113240675,0.4379232622645679,50,0.3205953689087066,0.5333328338593415,0.18145974745601853,0.85,3.993077137063179,50,3.88846962328487,4.0905525983034945,0.18451780687552843,G10,False,0.8530880372111473,50,0.8413473518171413,0.8685205338220954,0.016005388164003865,0,50,100,50,16,3.9816249750800834,50,3.8685531750234974,4.084956737266371,0.19009941053941917,0.9999999998589375,50,0.9999999998421222,0.9999999998746464,2.6637797130108023e-11,9.138671007843718e-05,18,7.650384186686272e-05,0.00013240665584415584,4.9077649583553625e-05,paper text,7040.0,18,6350.0,7470.0,704.1390237061729,635.0,50,625.0,645.75,13.630937201072854,7520.0,50,7440.0,7655.0,146.25446094714093,0.4400066427403687,50,0.4266753909185596,0.4543236041351549,0.024197581298077173,gelu,clean plateau-with-learning
0.6603080625874936,50,0.6436604807099942,0.6806893981975505,0.03151398518124701,50,"1-rho2=9e-08, L/L_V_opt=7.5, plateau gains dmean=+0.932 / dmin=+0.989",0.0006457393280658477,50,0.00025502012799712766,0.0017116950125979234,0.0021259150605809156,0.9894962110695795,50,0.9885729607892801,0.9905693133523016,0.002254233846966966,0.931647785223136,50,0.9241332827353745,0.9393682848393391,0.011891174822214488,0.9886810037859897,50,0.9869532789170155,0.9896233978834278,0.003231513444029789,0.7,7.951146001532571,50,7.751129295273973,8.073969994083916,0.2928583095665556,G2,False,0.9935414278580177,50,0.9929771196701795,0.9939766779139239,0.0011370043867253998,0,50,100,50,6,7.4546705369870345,50,7.2243608478009635,7.615099660850173,0.33260022607232925,0.9999999073321434,50,0.9999998612588192,0.9999999475054959,8.44576504829967e-08,0.006562500000000001,50,0.003348214285714286,0.007500000000000001,0.003472971006072417,extra,70.0,50,60.0,135.0,132.1230100925587,0.0,50,0.0,0.0,0.0,2950.0,50,2665.0,3135.0,369.0030695077244,0.07937594395789567,50,0.07549989468363999,0.08513606085540078,0.007791081328015584,gelu,clean plateau-with-learning
0.540394219986708,50,0.5342176340759955,0.5447281954026397,0.007978551213274482,50,L/L_V_opt=1.9<3,0.00014773552873199473,50,3.964863549610717e-05,0.0004499793407806565,0.00044116023210304,0.9202459973634962,50,0.9157520703709906,0.9231472859061333,0.006207790461533759,0.041826416409598166,50,0.03432437936100918,0.049207072671424434,0.010906164315430506,0.10009674334305313,50,0.07058496383333068,0.13065211520926376,0.052762419322452715,0.7,1.8646015075168476,50,1.7867207170119834,1.952766380558685,0.11518277679505964,G15,False,0.9504978961479256,50,0.9494486769251723,0.9520148338303236,0.0022345490705818504,0,50,200,50,12,1.8657806713438607,50,1.787303287389241,1.9540172013262915,0.11494440728081372,0.9999999965994424,50,0.9999999964196498,0.999999996818138,2.6705610397686167e-10,0.0010714285714285715,50,0.0008035714285714286,0.0018750000000000001,0.0007987712113412434,diversity (p),480.0,50,300.0,635.0,213.4042824197819,1980.0,50,1682.75,2213.5,396.7232603542707,5350.0,50,5265.0,5500.0,169.5732940082734,0.6992324431491517,50,0.6699504703502697,0.7167390846002872,0.031712400315087694,gelu,modest plateau (2-3x oracle)
0.41925829917885327,50,0.41509403361255703,0.4219090164443516,0.005313326512420282,30,"mean cos2 gained during the plateau = +0.013 < 0.02, and the post-saturation gap is only 3.1x oracle, so neither signature holds",0.00044826713175318163,50,8.059834426213085e-05,0.0014542751839014257,0.0015786269475920765,0.9757970358552999,50,0.9745993208068313,0.9780628939379623,0.0029394232481951207,0.01289993560475744,50,0.006377488536331105,0.025156971169014025,0.2109996912145567,0.028866572674647373,50,0.011407164890458371,0.06297396124643234,0.22743523310143082,0.7,3.0800964737918317,50,2.9325899405330507,3.135455840864285,0.17287833547985865,G4,False,0.9867468740740084,50,0.9858870184871431,0.987270167280744,0.0010772248970083813,0,50,100,30,8,3.0420383210992723,50,2.9170370941070582,3.1126474572943232,0.14957163176736324,0.9999999969476033,50,0.9999999964968098,0.9999999972721327,6.686768224789708e-10,0.0037500000000000003,50,0.0028125,0.005625,0.0018945619222637123,extra,120.0,50,80.0,175.0,113.62379744991263,2455.0,50,1241.5,4206.0,2273.7638062319957,3210.0,50,2955.0,3425.0,350.5228747375636,0.18685912539136812,50,0.17577693343296003,0.19421042290800955,0.015525084192843437,gelu,no gain in plateau window
2.882277851059153,50,2.8126524462357283,2.9289456910277885,0.0836444875625402,100,"1-rho2=1e-08, L/L_V_opt=23.0, plateau gains dmean=+0.900 / dmin=+0.965",0.0005690927729162922,50,0.00017434625388919068,0.002055613384402047,0.0015343865166585887,0.9658099617152436,50,0.960463180870051,0.9711976496252016,0.0066780718133091724,0.8996576277902755,50,0.8805029593476174,0.9080751647397152,0.2742023226137159,0.9645600082917937,50,0.9581969142325674,0.9697507902506803,0.18559118934494054,0.7,22.768524360391517,50,22.499230832183805,23.50110711040233,0.679657848720943,G16,False,0.9799022472467785,50,0.9773816895468926,0.9828808731767985,0.0033341539625326893,0,50,100,100,8,22.964145645706722,50,22.607207961470074,23.523361218354648,0.6362336626471803,0.9999999896523741,50,0.9999999771273758,0.9999999963738421,1.6922440674678675e-08,0.00042452830188679245,50,0.0003461538461538462,0.0007758620689655172,0.00040603334663983395,diversity (M),1400.0,50,1065.0,1680.0,568.9087298127379,0.0,50,0.0,0.0,1134.173365432791,6260.0,50,5990.0,6395.0,314.7593833196321,-1.8350793795457133e-16,50,-6.257620684250883e-16,4.752855593023398e-16,7.746961113340841e-16,gelu,clean plateau-with-learning
0.48525512201937293,50,0.4800101780497379,0.488986849745353,0.00692892008369802,30,"features saturated at t=3810 (before the plateau), and the loss holds 2.5x oracle from there on -- decoupling present but not far above the oracle",0.00044826713175318163,50,8.059834426213085e-05,0.0014542751839014257,0.0015786269475920765,0.9766610030988931,50,0.9743461163182335,0.9779166484186854,0.0027718930804108864,0.002936342700420924,50,0.0003005950972792826,0.9002949731759148,0.43400767163028964,0.005908354999770105,50,0.0005375408893772138,0.9728685521847675,0.4707601197496642,0.85,2.526134556081033,50,2.411032612586677,2.598559167437855,0.14077865967701603,S4,False,0.9857388831270236,50,0.9849466005351244,0.9862150549627883,0.0012151411822551358,0,50,100,30,8,2.452605319431803,50,2.380140363931419,2.5393690820864743,0.12028772490972035,0.999999991819717,50,0.9999999904007331,0.9999999928069163,2.070103192532601e-09,0.001286764705882353,50,0.0009,0.0018750000000000001,0.0006906940580677227,paper top-6,570.0,50,440.0,710.0,238.84791506440297,6436.0,50,0.0,7826.5,3676.3021607510523,3810.0,50,3645.0,4060.0,369.0685462576494,0.20842746173029725,50,0.19437391866167558,0.21987378993213152,0.0170498642197761,silu,modest plateau (2-3x oracle)
1.1574929272884547,50,1.153033963759417,1.1626373053919734,0.009747942113824005,50,"1-rho2=2e-09, L/L_V_opt=4.9, plateau gains dmean=+0.215 / dmin=+0.866",0.000460571589572299,50,7.052298106518128e-05,0.0010012369592732303,0.0009951515458261144,0.9490432127722461,50,0.9464718800604193,0.9523683296778824,0.006174771428627643,0.2148086274546021,50,0.19409164228770287,0.23762858540466805,0.032096911009224634,0.8660521755048718,50,0.7594339921666279,0.9247851097553037,0.10333382943774927,0.85,4.916795709321806,50,4.748378445293422,5.019649477523047,0.2088827253000026,S13,False,0.9720341273620217,50,0.9704258388002178,0.9730527300238498,0.0017464960431199635,0,50,100,50,10,4.9013292413988765,50,4.726890301585206,5.012097695399718,0.2041953335220074,0.9999999984744289,50,0.9999999983367842,0.9999999986186773,2.298341254104182e-10,0.0004166666666666667,50,0.00031038973567431986,0.0005847039473684211,0.0003635197078629567,paper top-6,1580.0,50,1220.0,1965.0,495.9335044301066,504.0,50,504.0,504.0,0.5699982098074287,5420.0,50,5200.0,5655.0,323.6990287666767,0.20333366929970917,50,0.19401306209666364,0.21163764650233013,0.012422467365615635,silu,clean plateau-with-learning
1.2433561727437215,50,1.2383181076774332,1.2490252569234417,0.00923073099625873,50,"1-rho2=6e-10, L/L_V_opt=4.2, plateau gains dmean=+0.282 / dmin=+0.872",0.0002801741718483947,50,5.323207181937278e-05,0.000908263964021317,0.0011858396993130514,0.8909566771854747,50,0.8814208795563224,0.9071293699274106,0.019510329267213126,0.2820787037579705,50,0.26953353181873485,0.2950502944950517,0.027283655060466497,0.8718591923161607,50,0.8476670421180473,0.8875950627618358,0.041006317710305974,0.85,4.249795319500169,50,4.128177890561505,4.346320876488533,0.1949695738960968,S5,False,0.9525013468226421,50,0.9497776823505532,0.9547433720521596,0.003453881552011184,0,50,100,50,12,4.24980994978822,50,4.1150006475369585,4.345468585037979,0.2021205079919582,0.9999999994351344,50,0.9999999993771467,0.9999999994710669,6.160484781438414e-11,0.00026012429831595834,50,0.00018241995073891627,0.000393035390199637,0.0004187771450478822,paper top-6,3100.0,50,2770.0,3715.0,735.9476467626689,538.0,50,534.0,540.0,5.06834916568562,6590.0,50,6420.0,6755.0,258.35397328124077,0.26744903667374054,50,0.2595035064161745,0.2800617734138656,0.015947572793658875,silu,clean plateau-with-learning
1.6009280420719953,50,1.5934606422227555,1.6073372797212495,0.011855195415434911,50,"1-rho2=6e-10, L/L_V_opt=5.3, plateau gains dmean=+0.284 / dmin=+0.902",0.0002801741718483947,50,5.323207181937278e-05,0.000908263964021317,0.0011858396993130514,0.9220235470240286,50,0.9139728918665199,0.930418937075796,0.011852817046108603,0.2844628086471294,50,0.2663588172521647,0.29926438977209846,0.024227204298984267,0.9022135818083443,50,0.8698684487860128,0.9184376689112693,0.04526344701292832,1.0,5.306841016222717,50,5.16241354833799,5.5513908164857995,0.3028663769700949,S8,False,0.9610690754367697,50,0.9598901175765026,0.9631904050633795,0.0030470877202184916,0,50,100,50,12,5.310043550552912,50,5.189089541774924,5.530862929820983,0.30811008450732585,0.9999999993714923,50,0.9999999993244734,0.9999999994066548,6.918247668076301e-11,0.0003214285714285714,50,0.00023437500000000002,0.00043504901960784314,0.0003177998031128045,paper top-6,2520.0,50,2240.0,2830.0,599.6189266049373,518.5,50,517.0,520.0,2.243266568635833,6200.0,50,6060.0,6400.0,255.49471818495223,0.2622627994733029,50,0.25417865467652023,0.2755656363954257,0.015722560619392804,silu,clean plateau-with-learning
1.7704965310382388,50,1.7654424146923637,1.7770916471447062,0.007851630922403652,50,"1-rho2=1e-10, L/L_V_opt=3.8, plateau gains dmean=+0.232 / dmin=+0.770",0.0001828553263932681,50,2.8916135690421202e-05,0.0003764596170455142,0.0005866361912264124,0.786991971510706,50,0.7697076572951287,0.8060477043197528,0.034124319613812695,0.2319842839692665,50,0.2243305177850471,0.24534646972094176,0.018536268506480887,0.7704785860533379,50,0.7506194597894471,0.7905132637787508,0.03670805907398074,1.0,3.8842676391875877,50,3.8027589143891074,4.04365887594094,0.18789697029140157,S10,False,0.9204550490395271,50,0.9162217752750906,0.9235990653748739,0.005547982512035804,0,50,100,50,16,3.8428657515659057,50,3.7604172146409844,4.010342017912523,0.20004024877676513,0.9999999998635486,50,0.9999999998564545,0.999999999870921,1.3953528976476994e-11,0.00018453781512605042,50,0.00014286148977604675,0.00024592343140730235,0.00022860559464551043,paper top-6,4440.0,50,3925.0,5000.0,817.8627198811721,510.0,50,510.0,511.0,0.8369039151929606,7060.0,50,6965.0,7135.0,152.7035276178608,0.453008198836789,50,0.4342072857408239,0.4752697170895843,0.025796380360258265,silu,clean plateau-with-learning
1.3962198150135898,50,1.3933727295758027,1.4024881908033082,0.006928008024773699,50,"1-rho2=1e-10, L/L_V_opt=3.3, plateau gains dmean=+0.198 / dmin=+0.318",0.00015935781882075485,50,1.5919929752360863e-05,0.00044885439857178316,0.000622134484645582,0.3275380798106201,50,0.12225815222784812,0.4541152616400017,0.17735238038579662,0.19839544995177677,50,0.18726006513246593,0.2090878510153718,0.014435390914484595,0.3181162264241977,50,0.12068631816025922,0.4332684727529242,0.17053260775219564,0.85,3.351157182301203,50,3.312260271381725,3.398017025574755,0.07055249815978304,S11,False,0.8475222082706318,50,0.8363310728649644,0.8589195815788792,0.01650213325957055,0,50,100,50,20,3.3386850103658388,50,3.293705655350837,3.380903664271387,0.07213146512445202,0.9999999998900823,50,0.9999999998822675,0.9999999999001886,1.3505778284703018e-11,0.00011718750000000001,3,9.500151699029127e-05,0.00012595901946107785,3.1911589900764995e-05,paper top-6,7540.0,3,7130.0,7720.0,604.7589051294187,655.0,50,643.25,673.0,17.38975771738605,7530.0,50,7460.0,7595.0,120.4779597084471,0.6197664232820168,50,0.6061670632078429,0.6316567629687146,0.024690939556568335,silu,clean plateau-with-learning
1.0477421857718068,50,1.035664171826797,1.0567178498717122,0.020494233587230373,50,"1-rho2=1e-08, L/L_V_opt=5.5, plateau gains dmean=+0.905 / dmin=+0.975",0.0004994766541175189,50,7.96467256697989e-05,0.0012091249996479458,0.001915002861883537,0.976472783138135,50,0.9750732760159886,0.9783299354692438,0.0025082550267053285,0.9047692311728863,50,0.8923556297448035,0.9126461729992275,0.248502789146097,0.9749592299562084,50,0.9730691943910292,0.9775241966518549,0.26729944699144653,0.85,5.745076485811338,50,5.67852897215513,5.8099220993378395,0.11703636333339949,S3,False,0.9863929312770766,50,0.9853540608665952,0.9871098468559922,0.0011572629971880633,0,50,100,50,8,5.520720116388706,50,5.458750935277298,5.605269372797363,0.13730589079626157,0.9999999874262291,50,0.9999999850003015,0.9999999891852716,4.1827923242497055e-09,0.0015535714285714285,50,0.0010227272727272728,0.0036160714285714286,0.00180827854203766,extra,390.0,50,145.0,600.0,263.1616248930047,0.0,50,0.0,0.0,2162.7615813008656,3860.0,50,3640.0,4030.0,302.95308453384564,0.1592579157939198,50,0.15133904077783916,0.17127312420912352,0.015113289119653659,silu,clean plateau-with-learning
1.2757444087151764,50,1.2668968194349615,1.2822916401827316,0.010860656750646723,80,"1-rho2=1e-08, L/L_V_opt=5.0, plateau gains dmean=+0.885 / dmin=+0.911",0.00017900624526484083,50,4.8659001355941885e-05,0.00048743783310609644,0.00046496619076864815,0.9136441490584799,50,0.911085644487339,0.9182075347495617,0.005042962436128317,0.8852203670009909,50,0.8751536131945129,0.8898589257064631,0.37084242995957795,0.9112506181174543,50,0.9059141312583839,0.9168694941759109,0.3819168321941639,0.85,4.864268908216216,50,4.780593610847881,4.973007575575071,0.12640169317511504,S14,False,0.9463262273314911,50,0.9451438847528653,0.9477801142897126,0.002097108491869813,0,50,200,80,12,4.9558905692986155,50,4.862569340012478,5.044180574036222,0.13821968055353384,0.9999999893283852,50,0.9999999882294289,0.9999999899066232,1.0750957507179988e-09,0.0006818181818181819,50,0.0005487804878048781,0.0010116106719367589,0.0005150139549350785,diversity (p),1580.0,50,1465.0,1680.0,170.4644316242529,0.0,50,0.0,0.0,3283.9859728378738,6440.0,50,6340.0,6555.0,141.54598300948865,0.5996609410308953,50,0.5848033976077693,0.6124738152200302,0.026184063253610453,silu,clean plateau-with-learning
2.5720596627625625,50,2.5601200623953217,2.5821945656154295,0.018207929014593647,75,"1-rho2=5e-10, L/L_V_opt=10.1, plateau gains dmean=+0.258 / dmin=+0.886",0.00016888767440212713,50,5.6982702933317827e-05,0.0005536917882503292,0.0008322207589743827,0.9065209669499597,50,0.8964183790912725,0.9166481015357053,0.012479594671127386,0.2576094752313267,50,0.2258658050400792,0.27717611832280065,0.03188001153267841,0.8855310357158195,50,0.8513850934108028,0.9000215052384684,0.06014949931466748,0.85,10.053689181042346,50,9.934298494538147,10.18812372302978,0.1709697754808307,S15,False,0.9551175585172789,50,0.9529316184877736,0.9570438896866549,0.003487048239268565,0,50,100,75,12,10.113044041806468,50,9.992094604460531,10.243889272881397,0.17242153847858085,0.9999999994564305,50,0.9999999994129773,0.9999999994943307,8.678690362080737e-11,0.00027112369337979093,50,0.00020931603773584906,0.00035181236673773985,0.0005540416801873359,diversity (M),2720.0,50,2285.0,3075.0,586.8023343442294,503.0,50,503.0,503.0,0.30304576336566325,6500.0,50,6385.0,6635.0,204.05041393874072,0.14104913635616556,50,0.13475029743148742,0.14940410857941988,0.011667776610665757,silu,clean plateau-with-learning
2.9390136845990273,50,2.926334407267122,2.9512933570972923,0.015130816346447716,80,"1-rho2=5e-10, L/L_V_opt=11.6, plateau gains dmean=+0.320 / dmin=+0.888",0.00035825754702488216,50,0.00010623098876471864,0.0007749272149932931,0.001099384358953615,0.9012980934292613,50,0.8926069569270609,0.9061026112423246,0.011386511525977291,0.3202995742095932,50,0.2977228983026764,0.33873858191618444,0.0271110454600169,0.8877156223873227,50,0.863255681833371,0.8994653184533947,0.03598634069355959,0.85,11.494833295901609,50,11.380518115391958,11.576089319781108,0.16199303282277872,S12,False,0.9522419809102594,50,0.9506236125454549,0.9534589797086115,0.00267876787607697,0,50,100,80,12,11.580781312463593,50,11.472735645056208,11.674963438279457,0.16153953261587783,0.9999999994827702,50,0.9999999994397353,0.9999999995286004,5.968062665975858e-11,0.0003103595890410959,50,0.00024000514756348663,0.0003879310344827586,0.00031268656188333197,extra,3010.0,50,2590.0,3360.0,519.2767340547931,502.0,50,502.0,503.0,0.4629100498862757,6720.0,50,6580.0,6815.0,163.18463313007115,0.11569833549410474,50,0.10720712537072673,0.12378846116019127,0.011927858267316663,silu,clean plateau-with-learning
