group,window,start,end,n_seeds,median_loss_change,loss_change_ci_low,loss_change_ci_high,median_mean_even_start,mean_even_start_ci_low,mean_even_start_ci_high,median_mean_even_end,mean_even_end_ci_low,mean_even_end_ci_high,median_mean_even_gain,mean_even_gain_ci_low,mean_even_gain_ci_high,median_mean_odd_start,mean_odd_start_ci_low,mean_odd_start_ci_high,median_mean_odd_end,mean_odd_end_ci_low,mean_odd_end_ci_high,median_mean_odd_gain,mean_odd_gain_ci_low,mean_odd_gain_ci_high,median_mean_phaseavg_start,mean_phaseavg_start_ci_low,mean_phaseavg_start_ci_high,median_mean_phaseavg_end,mean_phaseavg_end_ci_low,mean_phaseavg_end_ci_high,median_mean_phaseavg_gain,mean_phaseavg_gain_ci_low,mean_phaseavg_gain_ci_high,median_min_even_start,min_even_start_ci_low,min_even_start_ci_high,median_min_even_end,min_even_end_ci_low,min_even_end_ci_high,median_min_even_gain,min_even_gain_ci_low,min_even_gain_ci_high,median_min_odd_start,min_odd_start_ci_low,min_odd_start_ci_high,median_min_odd_end,min_odd_end_ci_low,min_odd_end_ci_high,median_min_odd_gain,min_odd_gain_ci_low,min_odd_gain_ci_high,median_min_phaseavg_start,min_phaseavg_start_ci_low,min_phaseavg_start_ci_high,median_min_phaseavg_end,min_phaseavg_end_ci_low,min_phaseavg_end_ci_high,median_min_phaseavg_gain,min_phaseavg_gain_ci_low,min_phaseavg_gain_ci_high,median_rho2,rho2_ci_low,rho2_ci_high,median_r2,r2_ci_low,r2_ci_high,positive_mean_even_seeds,positive_mean_odd_seeds,positive_min_even_seeds,positive_min_odd_seeds,loss_within_5pct_seeds
development,60_240,60,240,5,-0.08907585728114893,-0.11073689428658176,-0.07306783535982875,0.6261700391769409,0.5550678968429565,0.7205286026000977,0.871792197227478,0.8272410035133362,0.898594856262207,0.20858609676361084,0.17806625366210938,0.2729455828666687,0.513948917388916,0.4154813289642334,0.6505596041679382,0.8198037147521973,0.6938881278038025,0.8429223895072937,0.24785751104354858,0.19236278533935547,0.3184548616409302,0.6009814441204071,0.48527461290359497,0.6855441033840179,0.8457979559898376,0.7609508037567139,0.8707586228847504,0.24481651186943054,0.18521451950073242,0.2756761908531189,0.2653939127922058,0.0010663580615073442,0.4952130913734436,0.7706133723258972,0.6558573842048645,0.8652229905128479,0.4670352041721344,0.3700098991394043,0.6547910261433572,0.12982648611068726,0.0006108470261096954,0.3673155605792999,0.6593059301376343,0.2991971969604492,0.7279527187347412,0.3606371581554413,0.2985863499343395,0.6506654992699623,0.19598757848143578,0.0008386025438085198,0.43126432597637177,0.7149596512317657,0.47752729058265686,0.7965878546237946,0.47668868803884834,0.3653235286474228,0.573435090482235,0.9999859709661283,0.9999785270587116,0.9999888896524943,0.19921262948775398,0.18758005267176042,0.20498636802423342,5,5,5,5,0
development,240_400,240,400,5,-0.07357665957288406,-0.08212760910977936,-0.056518225600343114,0.871792197227478,0.8272410035133362,0.898594856262207,0.8985435962677002,0.8765392303466797,0.9103599786758423,0.026751399040222168,0.011765122413635254,0.050981998443603516,0.8198037147521973,0.6938881278038025,0.8429223895072937,0.8551371693611145,0.8203498125076294,0.8613388538360596,0.035333454608917236,0.01841646432876587,0.1264616847038269,0.8457979559898376,0.7609508037567139,0.8707586228847504,0.8768403828144073,0.8496726453304291,0.8858494162559509,0.031042426824569702,0.015090793371200562,0.08872184157371521,0.7706133723258972,0.6558573842048645,0.8652229905128479,0.8174892663955688,0.7614242434501648,0.8525854349136353,0.04687589406967163,-0.012637555599212646,0.10556685924530029,0.6593059301376343,0.2991971969604492,0.7279527187347412,0.6800776720046997,0.593479573726654,0.7126762866973877,0.020975470542907715,-0.018211066722869873,0.29428237676620483,0.7149596512317657,0.47752729058265686,0.7965878546237946,0.7488853335380554,0.6774519085884094,0.7826308608055115,0.03392568230628967,-0.013956993818283081,0.19992461800575256,0.9999887165577673,0.9999871638515875,0.9999890952523842,0.20527193397713484,0.19284284062369925,0.20747258220785783,5,5,4,3,0
development,400_700,400,700,5,-0.07944634848905047,-0.08781509674290759,-0.07194785870977558,0.8985435962677002,0.8765392303466797,0.9103599786758423,0.8918792009353638,0.8779023885726929,0.9059969782829285,-0.0010930895805358887,-0.006664395332336426,0.009911596775054932,0.8551371693611145,0.8203498125076294,0.8613388538360596,0.8559763431549072,0.8259561657905579,0.8619179725646973,0.0013637542724609375,0.0005791187286376953,0.010055124759674072,0.8768403828144073,0.8496726453304291,0.8858494162559509,0.8739277720451355,0.8519292771816254,0.8839574754238129,0.000997990369796753,-0.0029126107692718506,0.009983360767364502,0.8174892663955688,0.7614242434501648,0.8525854349136353,0.7822418212890625,0.7285375595092773,0.8079328536987305,-0.040085434913635254,-0.04692244529724121,-0.009083867073059082,0.6800776720046997,0.593479573726654,0.7126762866973877,0.6237874031066895,0.5391348004341125,0.6369057297706604,-0.054344773292541504,-0.0757705569267273,-0.0398564338684082,0.7488853335380554,0.6774519085884094,0.7826308608055115,0.6997322738170624,0.633836179971695,0.7224192917346954,-0.04915305972099304,-0.06021156907081604,-0.024470150470733643,0.9999878092194191,0.9999866413934683,0.9999890180756376,0.20591638032099713,0.20270038633484624,0.20993824306996275,2,5,0,0,0
development,700_1000,700,1000,5,-0.04282041663975177,-0.045800759057512075,-0.022296675858824718,0.8918792009353638,0.8779023885726929,0.9059969782829285,0.8835253119468689,0.8716340661048889,0.8922863602638245,-0.008923768997192383,-0.02247166633605957,-0.0044106245040893555,0.8559763431549072,0.8259561657905579,0.8619179725646973,0.8360709547996521,0.8208624720573425,0.8420685529708862,-0.014075279235839844,-0.025847017765045166,-0.005093693733215332,0.8739277720451355,0.8519292771816254,0.8839574754238129,0.8597981333732605,0.847177118062973,0.8671774566173553,-0.012384355068206787,-0.024159342050552368,-0.004752159118652344,0.7822418212890625,0.7285375595092773,0.8079328536987305,0.7455819249153137,0.7268898487091064,0.7682254314422607,-0.024984896183013916,-0.053854286670684814,-0.0016477108001708984,0.6237874031066895,0.5391348004341125,0.6369057297706604,0.582207202911377,0.5414822697639465,0.5897309184074402,-0.03928428888320923,-0.06115037202835083,0.0023474693298339844,0.6997322738170624,0.633836179971695,0.7224192917346954,0.6589112877845764,0.6341860592365265,0.6752163171768188,-0.03846395015716553,-0.04720297455787659,0.00034987926483154297,0.9999878956395276,0.9999860964994998,0.9999898227326897,0.2056343547031328,0.2034019205811814,0.2069468074775922,0,0,0,1,5
development,1000_1200,1000,1200,5,-0.012922432732140748,-0.023085015488977217,-0.006037576839395214,0.8835253119468689,0.8716340661048889,0.8922863602638245,0.871502161026001,0.8529959917068481,0.8850253820419312,-0.0072609782218933105,-0.02049577236175537,-0.006009399890899658,0.8360709547996521,0.8208624720573425,0.8420685529708862,0.824028491973877,0.8100895285606384,0.8378023505210876,-0.009527325630187988,-0.012042462825775146,-0.004266202449798584,0.8597981333732605,0.847177118062973,0.8671774566173553,0.847765326499939,0.8315427601337433,0.8614138662815094,-0.007768362760543823,-0.015634357929229736,-0.005763590335845947,0.7455819249153137,0.7268898487091064,0.7682254314422607,0.7284520864486694,0.687444269657135,0.7490824460983276,-0.02010244131088257,-0.039445579051971436,-0.0004642605781555176,0.582207202911377,0.5414822697639465,0.5897309184074402,0.5490502715110779,0.5268735289573669,0.5707587599754333,-0.01460874080657959,-0.03315693140029907,-0.003254711627960205,0.6589112877845764,0.6341860592365265,0.6752163171768188,0.6450519561767578,0.607158899307251,0.6496054232120514,-0.02260446548461914,-0.03301018476486206,-0.007104307413101196,0.9999872518236055,0.9999850289638693,0.9999898523606837,0.20515760687829837,0.20155883901961716,0.20876946889242473,0,0,0,0,5
development,1200_1490,1200,1490,5,-0.014161955021519384,-0.017299965701229613,-0.005417357601229781,0.871502161026001,0.8529959917068481,0.8850253820419312,0.863583505153656,0.844373345375061,0.8678010702133179,-0.011219382286071777,-0.01722431182861328,-0.00045627355575561523,0.824028491973877,0.8100895285606384,0.8378023505210876,0.8153285384178162,0.8017568588256836,0.8239604234695435,-0.008413314819335938,-0.016302168369293213,-0.007838785648345947,0.847765326499939,0.8315427601337433,0.8614138662815094,0.8398299813270569,0.8230651021003723,0.8446506261825562,-0.012113064527511597,-0.016763240098953247,-0.004147529602050781,0.7284520864486694,0.687444269657135,0.7490824460983276,0.7090451121330261,0.6627340316772461,0.7232577800750732,-0.024710237979888916,-0.03995943069458008,-0.005194306373596191,0.5490502715110779,0.5268735289573669,0.5707587599754333,0.527690052986145,0.5012664794921875,0.5752639770507812,-0.02136021852493286,-0.029928982257843018,0.010639548301696777,0.6450519561767578,0.607158899307251,0.6496054232120514,0.6180606782436371,0.5820002555847168,0.6450741589069366,-0.024145454168319702,-0.03494420647621155,-0.002897411584854126,0.9999855864798152,0.9999825386913589,0.9999880400531701,0.20414246173319292,0.2017976770677794,0.20753987681657118,0,0,0,1,5
development,60_400,60,400,5,-0.14891747742900865,-0.168977170760896,-0.14126840768471516,0.6261700391769409,0.5550678968429565,0.7205286026000977,0.8985435962677002,0.8765392303466797,0.9103599786758423,0.25788432359695435,0.18983137607574463,0.3239275813102722,0.513948917388916,0.4154813289642334,0.6505596041679382,0.8551371693611145,0.8203498125076294,0.8613388538360596,0.3204992413520813,0.21077924966812134,0.404868483543396,0.6009814441204071,0.48527461290359497,0.6855441033840179,0.8768403828144073,0.8496726453304291,0.8858494162559509,0.27585893869400024,0.20030531287193298,0.3643980324268341,0.2653939127922058,0.0010663580615073442,0.4952130913734436,0.8174892663955688,0.7614242434501648,0.8525854349136353,0.526460587978363,0.35737234354019165,0.7603578853886575,0.12982648611068726,0.0006108470261096954,0.3673155605792999,0.6800776720046997,0.593479573726654,0.7126762866973877,0.5504549145698547,0.34536072611808777,0.6324544325470924,0.19598757848143578,0.0008386025438085198,0.43126432597637177,0.7488853335380554,0.6774519085884094,0.7826308608055115,0.555214885622263,0.3513665348291397,0.6766133060446009,0.9999866663772731,0.9999831055110362,0.9999888015346351,0.20527193397713484,0.19284284062369925,0.20747258220785783,5,5,5,5,0
development,60_700,60,700,5,-0.22293231535510788,-0.228767483863589,-0.20446350042237318,0.6261700391769409,0.5550678968429565,0.7205286026000977,0.8918792009353638,0.8779023885726929,0.9059969782829285,0.26570916175842285,0.1854683756828308,0.32283449172973633,0.513948917388916,0.4154813289642334,0.6505596041679382,0.8559763431549072,0.8259561657905579,0.8619179725646973,0.33055436611175537,0.21135836839675903,0.41047483682632446,0.6009814441204071,0.48527461290359497,0.6855441033840179,0.8739277720451355,0.8519292771816254,0.8839574754238129,0.2729463279247284,0.19841337203979492,0.3666546642780304,0.2653939127922058,0.0010663580615073442,0.4952130913734436,0.7822418212890625,0.7285375595092773,0.8079328536987305,0.517376720905304,0.31271976232528687,0.72747120144777,0.12982648611068726,0.0006108470261096954,0.3673155605792999,0.6237874031066895,0.5391348004341125,0.6369057297706604,0.49907124042510986,0.2695901691913605,0.5648854151368141,0.19598757848143578,0.0008386025438085198,0.43126432597637177,0.6997322738170624,0.633836179971695,0.7224192917346954,0.5013876594603062,0.29115496575832367,0.6329975774278864,0.9999870559267463,0.9999852758958744,0.9999883880891572,0.20747258220785783,0.20270038633484624,0.20993824306996275,5,5,5,5,0
development,60_1000,60,1000,5,-0.24626780065223258,-0.2612285478708404,-0.24089967596098463,0.6261700391769409,0.5550678968429565,0.7205286026000977,0.8835253119468689,0.8716340661048889,0.8922863602638245,0.2529791593551636,0.16299670934677124,0.318423867225647,0.513948917388916,0.4154813289642334,0.6505596041679382,0.8360709547996521,0.8208624720573425,0.8420685529708862,0.3206024169921875,0.18551135063171387,0.40538114309310913,0.6009814441204071,0.48527461290359497,0.6855441033840179,0.8597981333732605,0.847177118062973,0.8671774566173553,0.26267194747924805,0.17425402998924255,0.36190250515937805,0.2653939127922058,0.0010663580615073442,0.4952130913734436,0.7455819249153137,0.7268898487091064,0.7682254314422607,0.46352243423461914,0.27301234006881714,0.7258234906475991,0.12982648611068726,0.0006108470261096954,0.3673155605792999,0.582207202911377,0.5414822697639465,0.5897309184074402,0.45990443229675293,0.21489164233207703,0.5408714227378368,0.19598757848143578,0.0008386025438085198,0.43126432597637177,0.6589112877845764,0.6341860592365265,0.6752163171768188,0.46292370930314064,0.24395199120044708,0.633347456692718,0.9999873711173498,0.9999859525641616,0.9999879544560363,0.20747258220785783,0.20556105759257365,0.20993824306996275,5,5,5,5,0
development,60_1490,60,1490,5,-0.2695355087116758,-0.28015944098583195,-0.25864700659979056,0.6261700391769409,0.5550678968429565,0.7205286026000977,0.863583505153656,0.844373345375061,0.8678010702133179,0.2374134659767151,0.13975417613983154,0.2893054485321045,0.513948917388916,0.4154813289642334,0.6505596041679382,0.8153285384178162,0.8017568588256836,0.8239604234695435,0.3066050410270691,0.15831559896469116,0.3862755298614502,0.6009814441204071,0.48527461290359497,0.6855441033840179,0.8398299813270569,0.8230651021003723,0.8446506261825562,0.24279052019119263,0.14903488755226135,0.33779048919677734,0.2653939127922058,0.0010663580615073442,0.4952130913734436,0.7090451121330261,0.6627340316772461,0.7232577800750732,0.45786386728286743,0.21321821212768555,0.6616676736157387,0.12982648611068726,0.0006108470261096954,0.3673155605792999,0.527690052986145,0.5012664794921875,0.5752639770507812,0.445437490940094,0.1603744924068451,0.5006556324660778,0.19598757848143578,0.0008386025438085198,0.43126432597637177,0.6180606782436371,0.5820002555847168,0.6450741589069366,0.41766122356057167,0.18679635226726532,0.5811616530409083,0.9999869720373178,0.9999859583977382,0.9999876558007172,0.20831665722858142,0.2069468074775922,0.20993824306996275,5,5,5,5,0
confirmation,60_240,60,240,30,-0.09123068770163671,-0.09509340532685849,-0.08404144472360639,0.6438880264759064,0.5906458795070648,0.6687796413898468,0.8623679280281067,0.8542084693908691,0.8685238659381866,0.23174825310707092,0.19391730427742004,0.27111026644706726,0.5575225055217743,0.49653901159763336,0.5849905610084534,0.7934074699878693,0.7711336016654968,0.8010415136814117,0.24144622683525085,0.205250084400177,0.2656499147415161,0.5946880877017975,0.5384840294718742,0.6242026835680008,0.8253942579030991,0.8041485249996185,0.8346026688814163,0.22872141003608704,0.1938648670911789,0.2738874703645706,0.12448146566748619,0.05767652206122875,0.3202210068702698,0.761777400970459,0.725458949804306,0.7846339344978333,0.5843523424118757,0.4423445016145706,0.6593881502997192,0.08165919780731201,0.031159079633653164,0.22309790551662445,0.549480676651001,0.5277582406997681,0.6438325941562653,0.362357422709465,0.3069273270666599,0.4900754119735211,0.1074293851852417,0.04342043097130954,0.2672889195382595,0.6572587192058563,0.602815717458725,0.7118470370769501,0.43541264918167144,0.38435521721839905,0.5628191741998307,0.9999846589195249,0.9999840653145293,0.9999858951510773,0.19751376167809354,0.1953788575743445,0.19955196639517958,30,30,30,30,0
confirmation,240_400,240,400,30,-0.06518658509277092,-0.06800183358442158,-0.06068468629193775,0.8623679280281067,0.8544742465019226,0.8685238659381866,0.8841450214385986,0.8796994984149933,0.8944096267223358,0.023657679557800293,0.017967909574508667,0.029566794633865356,0.7934074699878693,0.7711336016654968,0.8010415136814117,0.8308393955230713,0.82157102227211,0.8381538093090057,0.0382293164730072,0.028403937816619873,0.06098741292953491,0.8253942579030991,0.8041485249996185,0.8346026688814163,0.855810284614563,0.8508501350879669,0.8671265244483948,0.03253687918186188,0.02219778299331665,0.047107383608818054,0.761777400970459,0.725458949804306,0.7846339344978333,0.8021174073219299,0.7752208411693573,0.814391553401947,0.037179023027420044,0.01003110408782959,0.06029006838798523,0.549480676651001,0.5277582406997681,0.6438325941562653,0.622436910867691,0.5997399985790253,0.6620392501354218,0.022447139024734497,-0.007473200559616089,0.07787322998046875,0.6572587192058563,0.602815717458725,0.7118470370769501,0.7163933664560318,0.6867192983627319,0.7384510636329651,0.03661847114562988,0.004192814230918884,0.08546391129493713,0.999989593999607,0.9999874754756441,0.9999900374042563,0.20247445616643805,0.20082318690170445,0.20478777019567918,29,30,23,19,0
confirmation,400_700,400,700,30,-0.07792054726131671,-0.08217987600979795,-0.07443949523228953,0.8841450214385986,0.8796994984149933,0.8944096267223358,0.8921672999858856,0.8848496675491333,0.8973839581012726,0.0026183128356933594,0.0010304450988769531,0.0075744688510894775,0.8308393955230713,0.82157102227211,0.8381538093090057,0.8453436493873596,0.8310408592224121,0.85195392370224,0.008495450019836426,0.003232717514038086,0.01570066809654236,0.855810284614563,0.8508501350879669,0.8671265244483948,0.8687554746866226,0.8575409054756165,0.8749404847621918,0.008073031902313232,0.0023548752069473267,0.010957658290863037,0.8021174073219299,0.7752208411693573,0.814391553401947,0.7825439870357513,0.7569056749343872,0.7886734306812286,-0.02966412901878357,-0.03852498531341553,-0.007831454277038574,0.622436910867691,0.5997399985790253,0.6620392501354218,0.5938604474067688,0.5675008296966553,0.6201662719249725,-0.03401416540145874,-0.05536240339279175,-0.014994755387306213,0.7163933664560318,0.6867192983627319,0.7345536202192307,0.6875555366277695,0.6641972959041595,0.7067025303840637,-0.023079127073287964,-0.04837973415851593,-0.006383806467056274,0.9999884378699698,0.9999875854309926,0.999988899872541,0.20594734213373955,0.2028476012951247,0.20792117577013303,21,24,8,9,0
confirmation,700_1000,700,1000,30,-0.043347652026721056,-0.046070502038386245,-0.037140422215323,0.8921672999858856,0.8848496675491333,0.8973839581012726,0.8836230039596558,0.8782340288162231,0.8861616849899292,-0.010126829147338867,-0.01130521297454834,-0.007687240839004517,0.8453436493873596,0.8310408592224121,0.85195392370224,0.8354699015617371,0.8308925032615662,0.8404538035392761,-0.00996088981628418,-0.011394351720809937,-0.005700528621673584,0.8687554746866226,0.8575409054756165,0.8749404847621918,0.8586506098508835,0.8539370149374008,0.8639345765113831,-0.009949803352355957,-0.011179432272911072,-0.00847296416759491,0.7825439870357513,0.7569056749343872,0.7886734306812286,0.7459851801395416,0.7348661720752716,0.7586192488670349,-0.030328422784805298,-0.035530149936676025,-0.019122958183288574,0.5938604474067688,0.5675008296966553,0.6201662719249725,0.555750846862793,0.5470775961875916,0.5733925104141235,-0.03893333673477173,-0.04799327254295349,-0.02671760320663452,0.6875555366277695,0.6641972959041595,0.7067025303840637,0.6516461670398712,0.6426944136619568,0.6647952347993851,-0.0349496454000473,-0.04217672348022461,-0.023741453886032104,0.9999873876914593,0.9999863146725524,0.9999879036062487,0.2049910779342381,0.20402619385068316,0.2057362006945262,2,7,1,4,23
confirmation,1000_1200,1000,1200,30,-0.0196075059945875,-0.02266558508518296,-0.014938478530512306,0.8836230039596558,0.8782340288162231,0.8861616849899292,0.8746362626552582,0.87079918384552,0.8781586289405823,-0.0076913535594940186,-0.009701430797576904,-0.006127208471298218,0.8354699015617371,0.8308925032615662,0.8404538035392761,0.8281735181808472,0.8250085413455963,0.8314229846000671,-0.007895290851593018,-0.008531540632247925,-0.006919801235198975,0.8586506098508835,0.8539370149374008,0.8639532178640366,0.8515787273645401,0.8483104407787323,0.8544145822525024,-0.008205786347389221,-0.008998870849609375,-0.0066594332456588745,0.7459851801395416,0.7348661720752716,0.7586192488670349,0.7313413023948669,0.7196897566318512,0.7398740649223328,-0.02119383215904236,-0.024551719427108765,-0.010282963514328003,0.555750846862793,0.5470775961875916,0.5733925104141235,0.5428009331226349,0.5344952046871185,0.5527408421039581,-0.01640757918357849,-0.023478776216506958,-0.012987345457077026,0.6516461670398712,0.6426944136619568,0.6647952347993851,0.6360657960176468,0.6292576193809509,0.6450919508934021,-0.021223515272140503,-0.02418750524520874,-0.011875629425048828,0.9999877076067161,0.9999867399257862,0.9999881835366097,0.20448728615111972,0.20336345960678076,0.20589910696428798,1,2,3,4,30
confirmation,1200_1490,1200,1490,30,-0.013969915002165968,-0.016518585748941817,-0.009376900575812913,0.8746362626552582,0.87079918384552,0.8781586289405823,0.8573384582996368,0.8541645705699921,0.8616558611392975,-0.015837877988815308,-0.020037740468978882,-0.01323053240776062,0.8281735181808472,0.8250085413455963,0.8314229846000671,0.8094781339168549,0.8070485591888428,0.813905656337738,-0.016841411590576172,-0.01975056529045105,-0.012823820114135742,0.8515787273645401,0.8483104407787323,0.8544145822525024,0.8335537910461426,0.8298272639513016,0.8379971086978912,-0.01795142889022827,-0.02008211612701416,-0.012688204646110535,0.7313413023948669,0.7196897566318512,0.7398740649223328,0.7023153603076935,0.6934613585472107,0.7123386859893799,-0.022466987371444702,-0.03182461857795715,-0.015477299690246582,0.5428009331226349,0.5344952046871185,0.5527408421039581,0.5213049054145813,0.5034164488315582,0.5278723239898682,-0.02486547827720642,-0.028614073991775513,-0.016027987003326416,0.6360657960176468,0.6292576193809509,0.6450919508934021,0.6104491204023361,0.5989418402314186,0.6193750202655792,-0.023817166686058044,-0.029947087168693542,-0.01703391969203949,0.9999871367635811,0.9999866761994802,0.9999877750964362,0.2045655173801584,0.20363166575657562,0.2061201126207171,0,1,3,3,30
confirmation,60_400,60,400,30,-0.15049595443357652,-0.153658741138183,-0.14733864319270124,0.6438880264759064,0.5906458795070648,0.6687796413898468,0.8841450214385986,0.8796994984149933,0.8944096267223358,0.25569915771484375,0.2241286337375641,0.29602184891700745,0.5575225055217743,0.49653901159763336,0.5849905610084534,0.8308393955230713,0.82157102227211,0.8406928181648254,0.27360469102859497,0.25608548521995544,0.3328903317451477,0.5946880877017975,0.5384840294718742,0.6242026835680008,0.855810284614563,0.8508501350879669,0.8671265244483948,0.2729312628507614,0.2399505078792572,0.3228001520037651,0.12448146566748619,0.05767652206122875,0.3202210068702698,0.8021174073219299,0.7752208411693573,0.814391553401947,0.690260760486126,0.4712044894695282,0.7093960605561733,0.08165919780731201,0.031159079633653164,0.22309790551662445,0.622436910867691,0.5969901978969574,0.6620392501354218,0.5122452939394861,0.38972417265176773,0.5931944965850562,0.1074293851852417,0.04342043097130954,0.2672889195382595,0.7163933664560318,0.6867192983627319,0.7345536202192307,0.6034258785657585,0.43522071838378906,0.6513602979830466,0.9999867483375655,0.9999855994378613,0.999987400368022,0.20247445616643805,0.2011750372641285,0.20478777019567918,30,30,30,30,0
confirmation,60_700,60,700,30,-0.21612165751185416,-0.22077275833750903,-0.21106489523726962,0.6438880264759064,0.5906458795070648,0.6687796413898468,0.8921672999858856,0.8848496675491333,0.8973839581012726,0.2581500709056854,0.22179961204528809,0.29389065504074097,0.5575225055217743,0.49653901159763336,0.5849905610084534,0.8453436493873596,0.8310408592224121,0.85195392370224,0.28608834743499756,0.25704872608184814,0.35424795746803284,0.5946880877017975,0.5384840294718742,0.6242026835680008,0.8687554746866226,0.8575409054756165,0.8749404847621918,0.28277769684791565,0.23887190222740173,0.32825564593076706,0.12448146566748619,0.05767652206122875,0.3202210068702698,0.7825439870357513,0.7569056749343872,0.7886734306812286,0.6614404693245888,0.4334997683763504,0.7062861307058483,0.08165919780731201,0.031159079633653164,0.22309790551662445,0.5938604474067688,0.5675008296966553,0.6201662719249725,0.49920942075550556,0.33019863069057465,0.552703257650137,0.1074293851852417,0.04342043097130954,0.2672889195382595,0.6875555366277695,0.6641972959041595,0.7067025303840637,0.5892846074793852,0.3812108635902405,0.6181575022637844,0.9999870591268227,0.9999865790093334,0.9999875890361671,0.20654079089437763,0.2028476012951247,0.20792117577013303,30,30,30,30,0
confirmation,60_1000,60,1000,30,-0.2484613018490638,-0.2536951766433957,-0.24516136699744884,0.6438880264759064,0.5906458795070648,0.6687796413898468,0.8836230039596558,0.8782340288162231,0.8861616849899292,0.24494624137878418,0.2141294777393341,0.2836293876171112,0.5575225055217743,0.49653901159763336,0.5849905610084534,0.8354699015617371,0.830873416364193,0.8404538035392761,0.27095600962638855,0.24821177124977112,0.3458421975374222,0.5946880877017975,0.5384840294718742,0.6242026835680008,0.8586506098508835,0.8539370149374008,0.8639345765113831,0.26564033329486847,0.22986336052417755,0.32292744517326355,0.12448146566748619,0.05767652206122875,0.3202210068702698,0.7459851801395416,0.7348661720752716,0.7586192488670349,0.630306176841259,0.42184633016586304,0.6787204314023256,0.08165919780731201,0.031159079633653164,0.22309790551662445,0.555750846862793,0.5470775961875916,0.5733925104141235,0.4845306286588311,0.3115890845656395,0.5102232772205753,0.1074293851852417,0.04342043097130954,0.2672889195382595,0.6516461670398712,0.6426944136619568,0.6647952347993851,0.5580648090690374,0.3705453909933567,0.5942178108962253,0.9999871184281135,0.9999866126340572,0.9999875670981315,0.20730187177357362,0.20550118424226954,0.2087039656289113,30,30,30,30,0
confirmation,60_1490,60,1490,30,-0.2713104370485342,-0.2763667775060948,-0.26695404931973354,0.6438880264759064,0.5906458795070648,0.6687796413898468,0.8573384582996368,0.8541645705699921,0.8616558611392975,0.2251194715499878,0.18945714831352234,0.27036312222480774,0.5575225055217743,0.49653901159763336,0.5849905610084534,0.8094781339168549,0.8071800172328949,0.813905656337738,0.2479742169380188,0.21944472193717957,0.31715427339076996,0.5946880877017975,0.5384840294718742,0.6242026835680008,0.8335537910461426,0.8298272639513016,0.8379971086978912,0.24375927448272705,0.2060198038816452,0.292459212243557,0.12448146566748619,0.05767652206122875,0.3202210068702698,0.7023153603076935,0.6934613585472107,0.7117621600627899,0.5777005665004253,0.36309194564819336,0.6360096987336874,0.08165919780731201,0.031159079633653164,0.22309790551662445,0.5213049054145813,0.5034164488315582,0.5278723239898682,0.43887394573539495,0.3041907772421837,0.4706481423927471,0.1074293851852417,0.04342043097130954,0.2672889195382595,0.6104491204023361,0.5989418402314186,0.6183868199586868,0.5095848571509123,0.3463437668979168,0.5573618341586553,0.999987064507365,0.9999867444832192,0.9999872434277635,0.20767342607451755,0.2062256396479794,0.20928739751233127,30,30,30,30,0
