config_id,label,width,learning_rate,head_multiplier,seed,loss_change,mean_even_start,mean_even_end,mean_even_gain,mean_odd_start,mean_odd_end,mean_odd_gain,mean_phaseavg_start,mean_phaseavg_end,mean_phaseavg_gain,min_even_start,min_even_end,min_even_gain,min_odd_start,min_odd_end,min_odd_gain,min_phaseavg_start,min_phaseavg_end,min_phaseavg_gain,rho2,r2
C5_w60_e060_h100,"$r_s=60,\ \eta=0.60,\ h=1.00$",60,0.6,1.0,227,-0.037235211040911126,0.5069757103919983,0.8635067939758301,0.3565310835838318,0.4478914141654968,0.8170372843742371,0.36914587020874023,0.47743356227874756,0.8402720391750336,0.362838476896286,0.07225779443979263,0.781858503818512,0.7096007093787193,0.023369301110506058,0.7148210406303406,0.6914517395198345,0.047813547775149345,0.7483397722244263,0.7005262244492769,0.9999870848211906,0.14934886302846445
C5_w60_e060_h100,"$r_s=60,\ \eta=0.60,\ h=1.00$",60,0.6,1.0,229,-0.024818838068306294,0.49923500418663025,0.6677477359771729,0.1685127317905426,0.4263084828853607,0.6052025556564331,0.1788940727710724,0.4627717435359955,0.636475145816803,0.1737034022808075,0.00575464591383934,0.0854831412434578,0.07972849532961845,0.0009714480838738382,0.022512653842568398,0.02154120575869456,0.003363046998856589,0.053997897543013096,0.05063485054415651,0.9999886354345107,0.15632235154486418
C5_w60_e060_h100,"$r_s=60,\ \eta=0.60,\ h=1.00$",60,0.6,1.0,233,-0.04349902069460717,0.5251380205154419,0.8434052467346191,0.31826722621917725,0.47842901945114136,0.7987228631973267,0.3202938437461853,0.5017835199832916,0.8210640549659729,0.3192805349826813,0.029328104108572006,0.6857881546020508,0.6564600504934788,0.02513233572244644,0.6196780800819397,0.5945457443594933,0.027230219915509224,0.6527331173419952,0.625502897426486,0.9999905076260761,0.16476832833983915
C5_w60_e060_h100,"$r_s=60,\ \eta=0.60,\ h=1.00$",60,0.6,1.0,239,-0.03305553903767805,0.5581602454185486,0.8245382308959961,0.2663779854774475,0.5167334675788879,0.7299733757972717,0.2132399082183838,0.5374468564987183,0.7772558033466339,0.23980894684791565,0.05275631323456764,0.5605954527854919,0.5078391395509243,0.021574001759290695,0.26182985305786133,0.24025585129857063,0.03716515749692917,0.41121265292167664,0.37404749542474747,0.9999892570088871,0.15948578131220068
C5_w60_e060_h100,"$r_s=60,\ \eta=0.60,\ h=1.00$",60,0.6,1.0,241,-0.03186953271207591,0.48809823393821716,0.8270560503005981,0.338957816362381,0.3951015770435333,0.7723265886306763,0.37722501158714294,0.44159990549087524,0.7996913194656372,0.35809141397476196,0.00773662282153964,0.6614183187484741,0.6536816959269345,0.025036295875906944,0.611236572265625,0.5862002763897181,0.016386459348723292,0.6363274455070496,0.6199409861583263,0.9999925613508213,0.15732997030783816
C5_w60_e060_h100,"$r_s=60,\ \eta=0.60,\ h=1.00$",60,0.6,1.0,251,-0.03011681667755051,0.5559999942779541,0.841464638710022,0.28546464443206787,0.469830185174942,0.7830222249031067,0.3131920397281647,0.5129150897264481,0.8122434318065643,0.29932834208011627,0.2484167069196701,0.7384281754493713,0.49001146852970123,0.09293314814567566,0.6404120922088623,0.5474789440631866,0.17067492753267288,0.6894201338291168,0.5187452062964439,0.999988891642677,0.1541094574543419
C5_w60_e060_h100,"$r_s=60,\ \eta=0.60,\ h=1.00$",60,0.6,1.0,257,-0.0332559948841193,0.5608463883399963,0.7753761410713196,0.21452975273132324,0.478469580411911,0.6617173552513123,0.18324777483940125,0.5196579843759537,0.7185467481613159,0.19888876378536224,0.005667909048497677,0.5365993976593018,0.5309314886108041,0.021661151200532913,0.3000831604003906,0.2784220091998577,0.013664530124515295,0.4183412790298462,0.4046767489053309,0.9999908096354498,0.15419568893335303
C5_w60_e060_h100,"$r_s=60,\ \eta=0.60,\ h=1.00$",60,0.6,1.0,263,-0.010252283707043282,0.5731388926506042,0.8030965328216553,0.22995764017105103,0.5276485085487366,0.6951531767845154,0.1675046682357788,0.5503937005996704,0.7491248548030853,0.19873115420341492,0.0487009696662426,0.5433359146118164,0.4946349449455738,0.002606587018817663,0.2715890407562256,0.2689824537374079,0.02565377834253013,0.407462477684021,0.38180869934149086,0.999982650224591,0.15182349728620495
C5_w60_e060_h100,"$r_s=60,\ \eta=0.60,\ h=1.00$",60,0.6,1.0,269,-0.012783420318707155,0.6036344170570374,0.8070102334022522,0.20337581634521484,0.532490611076355,0.7050646543502808,0.17257404327392578,0.5680625140666962,0.7560374438762665,0.1879749298095703,0.044526439160108566,0.5350131988525391,0.4904867596924305,0.017145328223705292,0.26830703020095825,0.25116170197725296,0.03083588369190693,0.40166011452674866,0.37082423083484173,0.9999849550954186,0.1554287269247114
C5_w60_e060_h100,"$r_s=60,\ \eta=0.60,\ h=1.00$",60,0.6,1.0,271,-0.019712638770525582,0.5094294548034668,0.8045557141304016,0.2951262593269348,0.46272701025009155,0.7349492311477661,0.27222222089767456,0.4860782325267792,0.7697524726390839,0.2836742401123047,0.07247380167245865,0.6510398387908936,0.5785660371184349,0.06345561891794205,0.5297406911849976,0.4662850722670555,0.06796471029520035,0.5903902649879456,0.5224255546927452,0.9999914545588604,0.15958081940089971
C5_w60_e060_h100,"$r_s=60,\ \eta=0.60,\ h=1.00$",60,0.6,1.0,277,-0.03234703309525774,0.5960211753845215,0.8205652236938477,0.22454404830932617,0.5244994163513184,0.7602575421333313,0.23575812578201294,0.5602602958679199,0.7904113829135895,0.23015108704566956,0.30374598503112793,0.7131029367446899,0.409356951713562,0.3061593174934387,0.6373252868652344,0.33116596937179565,0.3049526512622833,0.6752141118049622,0.37026146054267883,0.999987728424029,0.15193492986948176
C5_w60_e060_h100,"$r_s=60,\ \eta=0.60,\ h=1.00$",60,0.6,1.0,281,-0.016316053538514754,0.5250136256217957,0.8105677366256714,0.28555411100387573,0.4577977955341339,0.7410718202590942,0.2832740247249603,0.4914057105779648,0.7758197784423828,0.28441406786441803,0.22657260298728943,0.6698408722877502,0.4432682693004608,0.16693557798862457,0.5851311683654785,0.41819559037685394,0.196754090487957,0.6274860203266144,0.4307319298386574,0.9999889694287983,0.15337443809082926
C5_w60_e060_h100,"$r_s=60,\ \eta=0.60,\ h=1.00$",60,0.6,1.0,283,-0.029621908908121383,0.5459300875663757,0.8208721876144409,0.2749421000480652,0.5113585591316223,0.7520005106925964,0.24064195156097412,0.528644323348999,0.7864363491535187,0.25779202580451965,0.16980387270450592,0.6821895241737366,0.5123856514692307,0.137273907661438,0.5008945465087891,0.3636206388473511,0.15353889018297195,0.5915420353412628,0.43800314515829086,0.9999932097176734,0.15754603720527663
C5_w60_e060_h100,"$r_s=60,\ \eta=0.60,\ h=1.00$",60,0.6,1.0,293,-0.020490470877788318,0.4839598834514618,0.7759371995925903,0.29197731614112854,0.4299880862236023,0.7000659108161926,0.27007782459259033,0.45697398483753204,0.7380015552043915,0.28102757036685944,0.05905977636575699,0.5479183197021484,0.48885854333639145,0.03305785730481148,0.39117130637168884,0.35811344906687737,0.04605881683528423,0.46954481303691864,0.4234859962016344,0.9999936485452844,0.15052905429169552
C5_w60_e060_h100,"$r_s=60,\ \eta=0.60,\ h=1.00$",60,0.6,1.0,307,-0.03806644887165017,0.43560346961021423,0.7976239323616028,0.36202046275138855,0.3429199159145355,0.7158206105232239,0.37290069460868835,0.3892616927623749,0.7567222714424133,0.36746057868003845,0.023806270211935043,0.6382700800895691,0.614463809877634,0.0016564651159569621,0.4789542853832245,0.4772978202672675,0.012731367663946003,0.5586121827363968,0.5458808150724508,0.9999859654240323,0.1576587294014517
C5_w60_e060_h100,"$r_s=60,\ \eta=0.60,\ h=1.00$",60,0.6,1.0,311,-0.01855286231423293,0.4601578414440155,0.794417679309845,0.33425983786582947,0.40843623876571655,0.6939864158630371,0.28555017709732056,0.43429704010486603,0.744202047586441,0.309905007481575,0.0010103551903739572,0.4349047839641571,0.43389442877378315,0.0015579363098368049,0.15264061093330383,0.15108267462346703,0.001284145750105381,0.29377269744873047,0.2924885516986251,0.9999920922119964,0.1584252885674621
C5_w60_e060_h100,"$r_s=60,\ \eta=0.60,\ h=1.00$",60,0.6,1.0,313,-0.026620330611603866,0.48422110080718994,0.7380908727645874,0.25386977195739746,0.43542397022247314,0.6955162286758423,0.26009225845336914,0.45982253551483154,0.7168035507202148,0.2569810152053833,0.012933201156556606,0.24139726161956787,0.22846406046301126,0.008876864798367023,0.1604347676038742,0.15155790280550718,0.010905032977461815,0.20091601461172104,0.19001098163425922,0.9999899194565054,0.1592764978892304
C5_w60_e060_h100,"$r_s=60,\ \eta=0.60,\ h=1.00$",60,0.6,1.0,317,-0.037200177914737474,0.4930705428123474,0.7889084219932556,0.2958378791809082,0.45506665110588074,0.6988642811775208,0.24379763007164001,0.4740685969591141,0.7438863515853882,0.2698177546262741,0.03773534297943115,0.48472732305526733,0.4469919800758362,0.01735064759850502,0.2774403989315033,0.2600897513329983,0.027542995288968086,0.3810838609933853,0.35354086570441723,0.9999881350996669,0.15651675426742703
C5_w60_e060_h100,"$r_s=60,\ \eta=0.60,\ h=1.00$",60,0.6,1.0,331,-0.017473526180188645,0.40795189142227173,0.8072846531867981,0.39933276176452637,0.3614335358142853,0.7027572393417358,0.34132370352745056,0.3846927136182785,0.755020946264267,0.37032823264598846,0.012970826588571072,0.6508846282958984,0.6379138017073274,0.03613688796758652,0.3994544744491577,0.3633175864815712,0.024553857278078794,0.5251695513725281,0.5006156940944493,0.9999863571149166,0.15901508492684127
C5_w60_e060_h100,"$r_s=60,\ \eta=0.60,\ h=1.00$",60,0.6,1.0,337,-0.02653333530588646,0.4087957739830017,0.74323970079422,0.33444392681121826,0.3524589538574219,0.6491771340370178,0.29671818017959595,0.3806273639202118,0.6962084174156189,0.3155810534954071,0.044718239456415176,0.5482781529426575,0.5035599134862423,0.009586619213223457,0.3488844931125641,0.33929787389934063,0.027152429334819317,0.4485813230276108,0.42142889369279146,0.9999921544574619,0.14996421090128817
C5_w60_e060_h100,"$r_s=60,\ \eta=0.60,\ h=1.00$",60,0.6,1.0,347,-0.02230060767426131,0.5230313539505005,0.7039852142333984,0.18095386028289795,0.4767877161502838,0.6436691284179688,0.16688141226768494,0.49990953505039215,0.6738271713256836,0.17391763627529144,1.4743019164598081e-05,0.132338285446167,0.1323235424270024,8.000778325367719e-05,0.01321262028068304,0.013132612497429363,4.7375401209137635e-05,0.07277545286342502,0.07272807746221588,0.99998708013604,0.1631180744380498
C5_w60_e060_h100,"$r_s=60,\ \eta=0.60,\ h=1.00$",60,0.6,1.0,349,-0.024903088326164377,0.5050008893013,0.73563152551651,0.23063063621520996,0.4545944333076477,0.6226508617401123,0.1680564284324646,0.4797976613044739,0.6791411936283112,0.19934353232383728,0.07709066569805145,0.4909897446632385,0.4138990789651871,0.07183283567428589,0.28476589918136597,0.21293306350708008,0.07446175068616867,0.38787782192230225,0.3134160712361336,0.999990533422053,0.15175687480108616
C5_w60_e060_h100,"$r_s=60,\ \eta=0.60,\ h=1.00$",60,0.6,1.0,353,-0.023645017963385317,0.5192553400993347,0.768100917339325,0.24884557723999023,0.45536261796951294,0.705590009689331,0.2502273917198181,0.48730897903442383,0.736845463514328,0.24953648447990417,0.0828929990530014,0.4698912501335144,0.386998251080513,0.0662725493311882,0.38191521167755127,0.31564266234636307,0.0745827741920948,0.42590323090553284,0.35132045671343803,0.999987136759122,0.15707860890506123
C5_w60_e060_h100,"$r_s=60,\ \eta=0.60,\ h=1.00$",60,0.6,1.0,359,-0.030948486079278886,0.5205830335617065,0.8696657419204712,0.34908270835876465,0.4720209836959839,0.7496578693389893,0.27763688564300537,0.4963020086288452,0.8096618056297302,0.313359797000885,0.014286143705248833,0.7564161419868469,0.7421299982815981,0.0061675552278757095,0.4390740394592285,0.4329064842313528,0.010226849466562271,0.5977450907230377,0.5875182412564754,0.9999903069341827,0.15802393665373782
C5_w60_e060_h100,"$r_s=60,\ \eta=0.60,\ h=1.00$",60,0.6,1.0,367,-0.02027699387042018,0.5315096378326416,0.8027887344360352,0.27127909660339355,0.47871267795562744,0.7248424887657166,0.2461298108100891,0.5051111578941345,0.7638156116008759,0.25870445370674133,0.13941748440265656,0.5679131150245667,0.4284956306219101,0.10724078118801117,0.3653275668621063,0.25808678567409515,0.12332913279533386,0.4666203409433365,0.3432912081480026,0.9999894752567277,0.15450614373178484
C5_w60_e060_h100,"$r_s=60,\ \eta=0.60,\ h=1.00$",60,0.6,1.0,373,-0.02696708704820864,0.5017122626304626,0.7115215063095093,0.20980924367904663,0.4545660614967346,0.6170653104782104,0.16249924898147583,0.47813916206359863,0.6642934083938599,0.18615424633026123,0.01098672952502966,0.33448562026023865,0.323498890735209,0.011431402526795864,0.17502328753471375,0.16359188500791788,0.011209066025912762,0.2547544538974762,0.24354538787156343,0.9999932736339608,0.1551518090821257
C5_w60_e060_h100,"$r_s=60,\ \eta=0.60,\ h=1.00$",60,0.6,1.0,379,-0.03816726004399094,0.48731300234794617,0.8153202533721924,0.3280072510242462,0.4486545920372009,0.7294694185256958,0.2808148264884949,0.46798379719257355,0.7723948359489441,0.30441103875637054,0.035122569650411606,0.626255989074707,0.5911334194242954,0.05288609489798546,0.5278548002243042,0.47496870532631874,0.04400433227419853,0.5770553946495056,0.5330510623753071,0.9999884031061529,0.15873787869553968
C5_w60_e060_h100,"$r_s=60,\ \eta=0.60,\ h=1.00$",60,0.6,1.0,383,-0.04539027880318237,0.47291743755340576,0.7973370552062988,0.32441961765289307,0.4015849828720093,0.7452857494354248,0.3437007665634155,0.4372512102127075,0.7713114023208618,0.3340601921081543,0.014862557873129845,0.6711540222167969,0.656291464343667,0.005295236594974995,0.5942511558532715,0.5889559192582965,0.01007889723405242,0.6327025890350342,0.6226236918009818,0.9999912585260113,0.1552044229209923
C5_w60_e060_h100,"$r_s=60,\ \eta=0.60,\ h=1.00$",60,0.6,1.0,389,-0.019220517931278314,0.5097039937973022,0.7891408801078796,0.2794368863105774,0.46591833233833313,0.6868658065795898,0.2209474742412567,0.4878111630678177,0.7380033433437347,0.25019218027591705,0.0022564094979315996,0.48371240496635437,0.48145599546842277,0.008959416300058365,0.21730902791023254,0.20834961161017418,0.005607912898994982,0.35051071643829346,0.3449028035392985,0.9999908571025358,0.15953632062032194
C5_w60_e060_h100,"$r_s=60,\ \eta=0.60,\ h=1.00$",60,0.6,1.0,397,-0.02675486289974729,0.523703932762146,0.7757138013839722,0.25200986862182617,0.48748835921287537,0.6987956762313843,0.2113073170185089,0.5055961459875107,0.7372547388076782,0.23165859282016754,0.024279411882162094,0.45954689383506775,0.43526748195290565,0.018906254321336746,0.2968078553676605,0.2779016010463238,0.02159283310174942,0.37817737460136414,0.3565845414996147,0.9999931085265433,0.15661337690235272
C3_w50_e060_h125,"$r_s=50,\ \eta=0.60,\ h=1.25$",50,0.6,1.25,227,-0.018654288122600886,0.5711889863014221,0.8595079183578491,0.288318932056427,0.5217504501342773,0.7950696349143982,0.27331918478012085,0.5464697182178497,0.8272887766361237,0.2808190584182739,0.10597778856754303,0.7370362877845764,0.6310584992170334,0.08578754216432571,0.5714473724365234,0.4856598302721977,0.09588266536593437,0.6542418301105499,0.5583591647446156,0.9999827126651973,0.1853970974201188
C3_w50_e060_h125,"$r_s=50,\ \eta=0.60,\ h=1.25$",50,0.6,1.25,229,-0.03981019500053549,0.5743280053138733,0.8124904036521912,0.23816239833831787,0.5301234126091003,0.7222171425819397,0.19209372997283936,0.5522257089614868,0.7673537731170654,0.2151280641555786,0.02794709987938404,0.5508562922477722,0.5229091923683882,0.01867133192718029,0.33919763565063477,0.3205263037234545,0.023309215903282166,0.4450269639492035,0.4217177480459213,0.9999746198271269,0.1900762610645304
C3_w50_e060_h125,"$r_s=50,\ \eta=0.60,\ h=1.25$",50,0.6,1.25,233,-0.02705819830317174,0.4500686228275299,0.6959435939788818,0.24587497115135193,0.41298532485961914,0.6491130590438843,0.23612773418426514,0.4315269738435745,0.6725283265113831,0.24100135266780853,0.0004813518316950649,0.10075748711824417,0.1002761352865491,1.4464468449659762e-06,0.021499095484614372,0.021497649037769406,0.00024139913927001544,0.06112829130142927,0.060886892162159256,0.9999812622083081,0.17889271401215312
C3_w50_e060_h125,"$r_s=50,\ \eta=0.60,\ h=1.25$",50,0.6,1.25,239,-0.03646009752065055,0.5774873495101929,0.8813750147819519,0.30388766527175903,0.4890352487564087,0.8366560935974121,0.3476208448410034,0.5332612991333008,0.859015554189682,0.3257542550563812,0.24807396531105042,0.8145996928215027,0.5665257275104523,0.1272214949131012,0.7374616861343384,0.6102401912212372,0.1876477301120758,0.7760306894779205,0.5883829593658447,0.9999813398069206,0.18443529177196824
C3_w50_e060_h125,"$r_s=50,\ \eta=0.60,\ h=1.25$",50,0.6,1.25,241,-0.04032250156700347,0.5845493078231812,0.8702737092971802,0.285724401473999,0.5429909825325012,0.7992938756942749,0.2563028931617737,0.5637701451778412,0.8347837924957275,0.27101364731788635,0.017546700313687325,0.7567526698112488,0.7392059694975615,0.010736745782196522,0.558109700679779,0.5473729548975825,0.014141723047941923,0.6574311852455139,0.643289462197572,0.9999676081445775,0.1960949088627746
C3_w50_e060_h125,"$r_s=50,\ \eta=0.60,\ h=1.25$",50,0.6,1.25,251,-0.03680656683991158,0.5055496692657471,0.8270138502120972,0.3214641809463501,0.454682856798172,0.7353104948997498,0.28062763810157776,0.48011626303195953,0.7811621725559235,0.30104590952396393,0.06013008952140808,0.7243767380714417,0.6642466485500336,0.08088476210832596,0.4845240116119385,0.4036392495036125,0.07050742581486702,0.6044503748416901,0.533942949026823,0.9999766448314836,0.18759852528732351
C3_w50_e060_h125,"$r_s=50,\ \eta=0.60,\ h=1.25$",50,0.6,1.25,257,-0.04110148061254698,0.5176613926887512,0.8742750883102417,0.3566136956214905,0.4575292766094208,0.8130476474761963,0.3555183708667755,0.487595334649086,0.843661367893219,0.356066033244133,0.09725336730480194,0.7688305974006653,0.6715772300958633,0.05013927444815636,0.6761248707771301,0.6259855963289738,0.07369632087647915,0.7224777340888977,0.6487814132124186,0.9999721136062846,0.1923122009399984
C3_w50_e060_h125,"$r_s=50,\ \eta=0.60,\ h=1.25$",50,0.6,1.25,263,-0.02051731379505177,0.5003998279571533,0.8208592534065247,0.32045942544937134,0.44322389364242554,0.6905539035797119,0.24733000993728638,0.47181186079978943,0.7557065784931183,0.28389471769332886,0.015290452167391777,0.6132915616035461,0.5980011094361544,0.009661282412707806,0.20743776857852936,0.19777648616582155,0.012475867290049791,0.41036466509103775,0.39788879780098796,0.9999847557678229,0.18763034615938792
C3_w50_e060_h125,"$r_s=50,\ \eta=0.60,\ h=1.25$",50,0.6,1.25,269,-0.03271821106817492,0.5481832027435303,0.8505557775497437,0.3023725748062134,0.5014482140541077,0.7726917862892151,0.2712435722351074,0.524815708398819,0.8116237819194794,0.2868080735206604,0.19937358796596527,0.741584300994873,0.5422107130289078,0.19066448509693146,0.5640301704406738,0.37336568534374237,0.19501903653144836,0.6528072357177734,0.4577881991863251,0.999985703303197,0.19352227281468276
C3_w50_e060_h125,"$r_s=50,\ \eta=0.60,\ h=1.25$",50,0.6,1.25,271,-0.04099058734695279,0.5831336379051208,0.8590846061706543,0.27595096826553345,0.5242425203323364,0.8145650029182434,0.290322482585907,0.5536880791187286,0.8368248045444489,0.2831367254257202,0.1862933337688446,0.7255703806877136,0.539277046918869,0.19702929258346558,0.6433484554290771,0.4463191628456116,0.1916613131761551,0.6844594180583954,0.4927981048822403,0.9999731695654583,0.18902461982425553
C3_w50_e060_h125,"$r_s=50,\ \eta=0.60,\ h=1.25$",50,0.6,1.25,277,-0.01690921920717537,0.4688539206981659,0.8682435750961304,0.3993896543979645,0.4251650273799896,0.7791696786880493,0.3540046513080597,0.44700947403907776,0.8237066268920898,0.3766971528530121,0.02649085782468319,0.7635742425918579,0.7370833847671747,0.00023972961935214698,0.5669444799423218,0.5667047503229696,0.013365293722017668,0.6652593612670898,0.6518940675450722,0.9999855119318001,0.1786383316639438
C3_w50_e060_h125,"$r_s=50,\ \eta=0.60,\ h=1.25$",50,0.6,1.25,281,-0.013496608935621192,0.4455771744251251,0.6545516848564148,0.20897451043128967,0.40424105525016785,0.6181175112724304,0.21387645602226257,0.4249091148376465,0.6363345980644226,0.21142548322677612,0.009696162305772305,0.0007711839280091226,-0.008924978377763182,0.012128029018640518,0.002256972948089242,-0.009871056070551276,0.010912095662206411,0.0015140784380491823,-0.009398017224157229,0.9999646522530511,0.18797491060374058
C3_w50_e060_h125,"$r_s=50,\ \eta=0.60,\ h=1.25$",50,0.6,1.25,283,-0.028019286026395147,0.5539112091064453,0.827203094959259,0.2732918858528137,0.49354830384254456,0.6917179226875305,0.19816961884498596,0.5237297564744949,0.7594605088233948,0.23573075234889984,0.01580578275024891,0.6070826053619385,0.5912768226116896,0.008624929003417492,0.17856280505657196,0.16993787605315447,0.0122153558768332,0.3928227052092552,0.380607349332422,0.9999833185384477,0.18078172179886803
C3_w50_e060_h125,"$r_s=50,\ \eta=0.60,\ h=1.25$",50,0.6,1.25,293,-0.04014380692045819,0.6017990708351135,0.8833713531494141,0.28157228231430054,0.5287604928016663,0.8314796686172485,0.3027191758155823,0.5652797818183899,0.8574255108833313,0.2921457290649414,0.2229556143283844,0.8084086775779724,0.585453063249588,0.09808173030614853,0.7548211812973022,0.6567394509911537,0.16051867231726646,0.7816149294376373,0.6210962571203709,0.9999803594659077,0.19601359353937112
C3_w50_e060_h125,"$r_s=50,\ \eta=0.60,\ h=1.25$",50,0.6,1.25,307,-0.018928912276818567,0.6315415501594543,0.8613718748092651,0.2298303246498108,0.4989379942417145,0.8084701299667358,0.30953213572502136,0.5652397722005844,0.8349210023880005,0.2696812301874161,0.31243038177490234,0.7560189366340637,0.4435885548591614,0.019280018284916878,0.6572783589363098,0.6379983406513929,0.1658552000299096,0.7066486477851868,0.5407934477552772,0.9999794884393973,0.1770382830433481
C3_w50_e060_h125,"$r_s=50,\ \eta=0.60,\ h=1.25$",50,0.6,1.25,311,-0.016646146621079935,0.5472978353500366,0.8505836725234985,0.3032858371734619,0.4781506061553955,0.7855327129364014,0.30738210678100586,0.5127242207527161,0.81805819272995,0.3053339719772339,0.1432727575302124,0.7344368100166321,0.5911640524864197,0.04645152762532234,0.6693113446235657,0.6228598169982433,0.09486214257776737,0.7018740773200989,0.6070119347423315,0.9999835845820493,0.18282400363159743
C3_w50_e060_h125,"$r_s=50,\ \eta=0.60,\ h=1.25$",50,0.6,1.25,313,-0.030598867638034977,0.610327422618866,0.8589544892311096,0.24862706661224365,0.506508469581604,0.7951877117156982,0.28867924213409424,0.558417946100235,0.8270711004734039,0.26865315437316895,0.32078808546066284,0.7525314688682556,0.4317433834075928,0.17674635350704193,0.608754575252533,0.43200822174549103,0.2487672194838524,0.6806430220603943,0.4318758025765419,0.9999756447119388,0.17635457448427427
C3_w50_e060_h125,"$r_s=50,\ \eta=0.60,\ h=1.25$",50,0.6,1.25,317,-0.0388017702036067,0.5445631742477417,0.6666483879089355,0.12208521366119385,0.48953938484191895,0.6209647059440613,0.13142532110214233,0.5170512795448303,0.6438065469264984,0.1267552673816681,1.945643816725351e-05,0.0220060832798481,0.021986626841680845,2.036989462794736e-05,0.017423508688807487,0.01740313879417954,1.9913166397600435e-05,0.019714795984327793,0.019694882817930193,0.9999854349945411,0.1840816656480241
C3_w50_e060_h125,"$r_s=50,\ \eta=0.60,\ h=1.25$",50,0.6,1.25,331,-0.029503785069513365,0.5154973268508911,0.8201398849487305,0.30464255809783936,0.456525981426239,0.7410664558410645,0.28454047441482544,0.48601165413856506,0.7806031703948975,0.2945915162563324,0.13952422142028809,0.7039691805839539,0.5644449591636658,0.08678916841745377,0.48909416794776917,0.4023049995303154,0.11315669491887093,0.5965316742658615,0.4833749793469906,0.9999773873864498,0.18590622405510424
C3_w50_e060_h125,"$r_s=50,\ \eta=0.60,\ h=1.25$",50,0.6,1.25,337,-0.02756469417042811,0.5014379620552063,0.7213289141654968,0.21989095211029053,0.4500923454761505,0.6345991492271423,0.18450680375099182,0.4757651537656784,0.6779640316963196,0.20219887793064117,0.03565412387251854,0.30442720651626587,0.26877308264374733,0.01962697133421898,0.15861627459526062,0.13898930326104164,0.02764054760336876,0.23152174055576324,0.20388119295239449,0.9999808797218727,0.1798603635508643
C3_w50_e060_h125,"$r_s=50,\ \eta=0.60,\ h=1.25$",50,0.6,1.25,347,-0.036790760801155446,0.6086141467094421,0.8995572328567505,0.29094308614730835,0.5577611923217773,0.8487335443496704,0.29097235202789307,0.5831876695156097,0.8741453886032104,0.2909577190876007,0.016172071918845177,0.8626369833946228,0.8464649114757776,0.01906057633459568,0.7614007592201233,0.7423401828855276,0.01761632412672043,0.812018871307373,0.7944025471806526,0.9999659406067261,0.19379548909565447
C3_w50_e060_h125,"$r_s=50,\ \eta=0.60,\ h=1.25$",50,0.6,1.25,349,-0.05267538377474684,0.5186002254486084,0.8194665908813477,0.30086636543273926,0.409304141998291,0.7126796841621399,0.3033755421638489,0.4639521837234497,0.7660731375217438,0.30212095379829407,0.10322562605142593,0.6930796504020691,0.5898540243506432,0.07186228036880493,0.4032560884952545,0.3313938081264496,0.08754395321011543,0.5481678694486618,0.46062391623854637,0.9999792731913213,0.18892341839465923
C3_w50_e060_h125,"$r_s=50,\ \eta=0.60,\ h=1.25$",50,0.6,1.25,353,-0.02402459134902182,0.5216222405433655,0.8198850154876709,0.2982627749443054,0.4764099717140198,0.7630922198295593,0.28668224811553955,0.4990161061286926,0.7914886176586151,0.2924725115299225,0.13383840024471283,0.587121844291687,0.4532834440469742,0.10949210077524185,0.48702338337898254,0.3775312826037407,0.12166525050997734,0.5370726138353348,0.41540736332535744,0.9999813384112746,0.17794764923439413
C3_w50_e060_h125,"$r_s=50,\ \eta=0.60,\ h=1.25$",50,0.6,1.25,359,-0.02148550749167478,0.5813684463500977,0.7881673574447632,0.20679891109466553,0.5267795920372009,0.6872112154960632,0.1604316234588623,0.5540740191936493,0.7376892864704132,0.18361526727676392,0.052567534148693085,0.4459916353225708,0.3934241011738777,0.05027392879128456,0.2148197591304779,0.16454583033919334,0.05142073146998882,0.33040569722652435,0.27898496575653553,0.9999818396618483,0.17469165933124314
C3_w50_e060_h125,"$r_s=50,\ \eta=0.60,\ h=1.25$",50,0.6,1.25,367,-0.02649127489496067,0.6247203946113586,0.8626093864440918,0.23788899183273315,0.5696275234222412,0.8083063364028931,0.23867881298065186,0.5971739590167999,0.8354578614234924,0.2382839024066925,0.16419477760791779,0.7579554319381714,0.5937606543302536,0.13408897817134857,0.6723393797874451,0.5382504016160965,0.14914187788963318,0.7151474058628082,0.566005527973175,0.9999820902759626,0.1941133950205806
C3_w50_e060_h125,"$r_s=50,\ \eta=0.60,\ h=1.25$",50,0.6,1.25,373,-0.02213684336545858,0.3565036356449127,0.7133264541625977,0.35682281851768494,0.31377995014190674,0.6124721169471741,0.29869216680526733,0.33514179289340973,0.6628992855548859,0.32775749266147614,0.010921038687229156,0.4903833270072937,0.47946228832006454,0.015286022797226906,0.3781643807888031,0.3628783579915762,0.013103530742228031,0.4342738538980484,0.42117032315582037,0.9999786357158993,0.1844694166718554
C3_w50_e060_h125,"$r_s=50,\ \eta=0.60,\ h=1.25$",50,0.6,1.25,379,-0.03643609560511571,0.5376697778701782,0.854244589805603,0.3165748119354248,0.4524610638618469,0.7818325161933899,0.32937145233154297,0.4950654208660126,0.8180385529994965,0.3229731321334839,0.09705674648284912,0.7556737065315247,0.6586169600486755,0.04022878780961037,0.5942156910896301,0.5539869032800198,0.06864276714622974,0.6749446988105774,0.6063019316643476,0.9999787890701081,0.18778661263178195
C3_w50_e060_h125,"$r_s=50,\ \eta=0.60,\ h=1.25$",50,0.6,1.25,383,-0.023395888150888573,0.4821610450744629,0.8052016496658325,0.32304060459136963,0.4112738072872162,0.6990277767181396,0.28775396943092346,0.44671742618083954,0.7521147131919861,0.30539728701114655,0.05970020219683647,0.6243990659713745,0.564698863774538,0.05202661454677582,0.4784961938858032,0.4264695793390274,0.055863408371806145,0.5514476299285889,0.4955842215567827,0.9999835621630947,0.18407607416586888
C3_w50_e060_h125,"$r_s=50,\ \eta=0.60,\ h=1.25$",50,0.6,1.25,389,-0.026415142938699034,0.6420259475708008,0.8596904873847961,0.21766453981399536,0.5820433497428894,0.8070854544639587,0.22504210472106934,0.6120346486568451,0.8333879709243774,0.22135332226753235,0.3407038748264313,0.7781078219413757,0.43740394711494446,0.2912018895149231,0.6827504634857178,0.3915485739707947,0.3159528821706772,0.7304291427135468,0.41447626054286957,0.999971388120442,0.1855115677931527
C3_w50_e060_h125,"$r_s=50,\ \eta=0.60,\ h=1.25$",50,0.6,1.25,397,-0.050010686633562326,0.5705434083938599,0.8630852699279785,0.29254186153411865,0.5082463026046753,0.8244525790214539,0.31620627641677856,0.5393948554992676,0.8437689244747162,0.3043740689754486,0.12919528782367706,0.7759222984313965,0.6467270106077194,0.12202179431915283,0.7425814270973206,0.6205596327781677,0.12560854107141495,0.7592518627643585,0.6336433216929436,0.9999733895619493,0.18339708840565996
C4_w60_e050_h100,"$r_s=60,\ \eta=0.50,\ h=1.00$",60,0.5,1.0,227,0.003811406104854737,0.5691888928413391,0.8559352159500122,0.2867463231086731,0.5290183424949646,0.8106873631477356,0.281669020652771,0.5491036176681519,0.8333112895488739,0.28420767188072205,0.03822488710284233,0.7790699005126953,0.740845013409853,0.01847892627120018,0.7436015605926514,0.7251226343214512,0.028351906687021255,0.7613357305526733,0.7329838238656521,0.9999823774020297,0.14482683953369976
C4_w60_e050_h100,"$r_s=60,\ \eta=0.50,\ h=1.00$",60,0.5,1.0,229,-0.006302308893575623,0.5393465161323547,0.6809772253036499,0.14163070917129517,0.4837501049041748,0.6136066317558289,0.12985652685165405,0.5115483105182648,0.6472919285297394,0.1357436180114746,0.004364172462373972,0.05612409487366676,0.05175992241129279,0.0038193012587726116,0.014586604200303555,0.010767302941530943,0.004091736860573292,0.03535534953698516,0.03126361267641187,0.9999810430555621,0.1502725481516201
C4_w60_e050_h100,"$r_s=60,\ \eta=0.50,\ h=1.00$",60,0.5,1.0,233,0.03092232125925979,0.5793320536613464,0.841879665851593,0.2625476121902466,0.511398196220398,0.7994104623794556,0.2880122661590576,0.5453651249408722,0.8206450641155243,0.2752799391746521,0.14431491494178772,0.6468386054039001,0.5025236904621124,0.011501767672598362,0.5883827805519104,0.576881012879312,0.07790834130719304,0.6176106929779053,0.5397023516707122,0.9999607598670408,0.14451159619385504
C4_w60_e050_h100,"$r_s=60,\ \eta=0.50,\ h=1.00$",60,0.5,1.0,239,0.006358883091777746,0.5963440537452698,0.808136522769928,0.2117924690246582,0.5477827787399292,0.7192762494087219,0.17149347066879272,0.5720634162425995,0.763706386089325,0.19164296984672546,0.06373289227485657,0.6134852766990662,0.5497523844242096,0.026446036994457245,0.3064486086368561,0.28000257164239883,0.045089464634656906,0.4599669426679611,0.4148774780333042,0.9999900620268003,0.14364266077272209
C4_w60_e050_h100,"$r_s=60,\ \eta=0.50,\ h=1.00$",60,0.5,1.0,241,-0.004281251917176922,0.5464715957641602,0.839579164981842,0.2931075692176819,0.4662141501903534,0.7812324166297913,0.31501826643943787,0.5063428729772568,0.8104057908058167,0.3040629178285599,0.02678324654698372,0.7596426606178284,0.7328594140708447,0.15879403054714203,0.6557896137237549,0.49699558317661285,0.09278863854706287,0.7077161371707916,0.6149274986237288,0.9999815704515546,0.14028731008152312
C4_w60_e050_h100,"$r_s=60,\ \eta=0.50,\ h=1.00$",60,0.5,1.0,251,-0.004732106406286036,0.5580145120620728,0.8197363018989563,0.26172178983688354,0.4927317798137665,0.7662063241004944,0.2734745442867279,0.5253731459379196,0.7929713129997253,0.2675981670618057,0.16319985687732697,0.6637089848518372,0.5005091279745102,0.05493895336985588,0.5753286480903625,0.5203896947205067,0.10906940512359142,0.6195188164710999,0.5104494113475084,0.9999891714070583,0.15142099451948812
C4_w60_e050_h100,"$r_s=60,\ \eta=0.50,\ h=1.00$",60,0.5,1.0,257,0.013755964256766506,0.5626208186149597,0.653573215007782,0.09095239639282227,0.5196377635002136,0.6062127947807312,0.08657503128051758,0.5411292910575867,0.6298930048942566,0.08876371383666992,0.0002015815261984244,0.003283705096691847,0.0030821235704934224,0.0019221126567572355,0.007539409678429365,0.00561729702167213,0.00106184709147783,0.005411557387560606,0.004349710296082776,0.9999937220023659,0.13403695226744855
C4_w60_e050_h100,"$r_s=60,\ \eta=0.50,\ h=1.00$",60,0.5,1.0,263,0.01559135942375086,0.6126534938812256,0.666391134262085,0.053737640380859375,0.5646870136260986,0.6357939839363098,0.07110697031021118,0.5886702537536621,0.6510925590991974,0.06242230534553528,0.003375565866008401,0.033336203545331955,0.029960637679323554,0.0034915206488221884,0.029668446630239487,0.0261769259814173,0.0034335432574152946,0.03150232508778572,0.028068781830370426,0.9999846916638344,0.1424800716797778
C4_w60_e050_h100,"$r_s=60,\ \eta=0.50,\ h=1.00$",60,0.5,1.0,269,0.02336901506820271,0.6044692993164062,0.811011552810669,0.2065422534942627,0.5726757645606995,0.7369739413261414,0.1642981767654419,0.5885725319385529,0.7739927470684052,0.1854202151298523,0.03717130050063133,0.5660179257392883,0.528846625238657,0.020382700487971306,0.38046783208847046,0.36008513160049915,0.02877700049430132,0.4732428789138794,0.4444658784195781,0.999990711929633,0.14150039982837237
C4_w60_e050_h100,"$r_s=60,\ \eta=0.50,\ h=1.00$",60,0.5,1.0,271,0.013501099736018924,0.5532851219177246,0.7821912169456482,0.22890609502792358,0.5169368982315063,0.7059776782989502,0.18904078006744385,0.5351110100746155,0.7440844476222992,0.20897343754768372,0.07660918682813644,0.5729272365570068,0.4963180497288704,0.078244149684906,0.44042307138442993,0.3621789216995239,0.07742666825652122,0.5066751539707184,0.42924848571419716,0.9999788219358302,0.14943544165312153
C4_w60_e050_h100,"$r_s=60,\ \eta=0.50,\ h=1.00$",60,0.5,1.0,277,-0.01884896922292502,0.6574583053588867,0.8061837553977966,0.1487254500389099,0.6125330924987793,0.7499583959579468,0.13742530345916748,0.634995698928833,0.7780710756778717,0.1430753767490387,0.3090524971485138,0.5995002388954163,0.29044774174690247,0.28528228402137756,0.5225444436073303,0.23726215958595276,0.2971673905849457,0.5610223412513733,0.2638549506664276,0.9999837227401036,0.1520160305620294
C4_w60_e050_h100,"$r_s=60,\ \eta=0.50,\ h=1.00$",60,0.5,1.0,281,0.0029155358486834437,0.5588124394416809,0.7848644256591797,0.22605198621749878,0.5149238109588623,0.7218195796012878,0.20689576864242554,0.5368681252002716,0.7533420026302338,0.21647387742996216,0.30402764678001404,0.6568071246147156,0.35277947783470154,0.26654836535453796,0.600925624370575,0.334377259016037,0.285288006067276,0.6288663744926453,0.34357836842536926,0.9999856935627973,0.13746244259892043
C4_w60_e050_h100,"$r_s=60,\ \eta=0.50,\ h=1.00$",60,0.5,1.0,283,0.020530073980765357,0.6193965673446655,0.8087652325630188,0.18936866521835327,0.5819243788719177,0.7250595092773438,0.14313513040542603,0.6006604731082916,0.7669123709201813,0.16625189781188965,0.21753257513046265,0.6383439898490906,0.42081141471862793,0.17866094410419464,0.42915287613868713,0.2504919320344925,0.19809675961732864,0.5337484329938889,0.3356516733765602,0.9999940721500936,0.13309984874852795
C4_w60_e050_h100,"$r_s=60,\ \eta=0.50,\ h=1.00$",60,0.5,1.0,293,-0.004192675070990325,0.564636766910553,0.7666593790054321,0.20202261209487915,0.5193049907684326,0.6992589235305786,0.179953932762146,0.5419708788394928,0.7329591512680054,0.19098827242851257,0.18459759652614594,0.6188058257102966,0.4342082291841507,0.17817993462085724,0.4958347976207733,0.3176548629999161,0.1813887655735016,0.557320311665535,0.3759315460920334,0.999992293325491,0.1302129130975542
C4_w60_e050_h100,"$r_s=60,\ \eta=0.50,\ h=1.00$",60,0.5,1.0,307,-0.009748497881963145,0.5082741975784302,0.7575854063034058,0.24931120872497559,0.47432488203048706,0.6340858936309814,0.15976101160049438,0.4912995398044586,0.6958356499671936,0.20453611016273499,0.003112837439402938,0.42900240421295166,0.4258895667735487,7.420405745506287e-05,0.0016424870118498802,0.0015682829543948174,0.0015935207484290004,0.21532244561240077,0.21372892486397177,0.999989469473756,0.14736066472840695
C4_w60_e050_h100,"$r_s=60,\ \eta=0.50,\ h=1.00$",60,0.5,1.0,311,0.017671299065248162,0.5816895365715027,0.7322195172309875,0.15052998065948486,0.53299880027771,0.6818068027496338,0.14880800247192383,0.5573441684246063,0.7070131599903107,0.14966899156570435,0.020413219928741455,0.19096145033836365,0.1705482304096222,0.0192714873701334,0.09891452640295029,0.07964303903281689,0.019842353649437428,0.14493798837065697,0.12509563472121954,0.999985134821473,0.13941396672221376
C4_w60_e050_h100,"$r_s=60,\ \eta=0.50,\ h=1.00$",60,0.5,1.0,313,0.017920963560547305,0.5041015148162842,0.6809866428375244,0.17688512802124023,0.4482203423976898,0.6327324509620667,0.18451210856437683,0.476160928606987,0.6568595468997955,0.18069861829280853,0.01888364553451538,0.16434189677238464,0.14545825123786926,0.014172520488500595,0.1263887733221054,0.11221625283360481,0.016528083011507988,0.14536533504724503,0.12883725203573704,0.9999895153027082,0.13543745964011136
C4_w60_e050_h100,"$r_s=60,\ \eta=0.50,\ h=1.00$",60,0.5,1.0,317,0.008272160931381268,0.5438127517700195,0.7188385725021362,0.1750258207321167,0.4897949695587158,0.6620773673057556,0.1722823977470398,0.5168038606643677,0.6904579699039459,0.17365410923957825,0.03862973302602768,0.1848529726266861,0.14622323960065842,0.016702640801668167,0.10647765547037125,0.08977501466870308,0.027666186913847923,0.14566531404852867,0.11799912713468075,0.999980671106654,0.1398649663547041
C4_w60_e050_h100,"$r_s=60,\ \eta=0.50,\ h=1.00$",60,0.5,1.0,331,0.0018246157567850098,0.5085964202880859,0.8141928315162659,0.30559641122817993,0.45014888048171997,0.7230677604675293,0.2729188799858093,0.47937265038490295,0.7686302959918976,0.28925764560699463,0.027076587080955505,0.6553500294685364,0.6282734423875809,0.0017198467394337058,0.43312034010887146,0.43140049336943775,0.014398216910194606,0.5442351847887039,0.5298369678785093,0.9999900945683137,0.138877214830647
C4_w60_e050_h100,"$r_s=60,\ \eta=0.50,\ h=1.00$",60,0.5,1.0,337,-0.0027252742802545272,0.5690608620643616,0.7346147894859314,0.16555392742156982,0.4401938319206238,0.6738153100013733,0.2336214780807495,0.5046273469924927,0.7042150497436523,0.19958770275115967,0.144999161362648,0.3397500813007355,0.19475091993808746,0.04692738130688667,0.23592965304851532,0.18900227174162865,0.09596327133476734,0.2878398671746254,0.19187659583985806,0.9999739871726181,0.14301436999879774
C4_w60_e050_h100,"$r_s=60,\ \eta=0.50,\ h=1.00$",60,0.5,1.0,347,0.01952778068971547,0.5351473093032837,0.6641796827316284,0.12903237342834473,0.47475528717041016,0.6179968118667603,0.1432415246963501,0.5049512982368469,0.6410882472991943,0.1361369490623474,0.016789540648460388,0.04523389786481857,0.028444357216358185,0.008781442418694496,0.0015903369057923555,-0.007191105512902141,0.012785491533577442,0.023412117385305464,0.010626625851728022,0.999983555304846,0.14328513026279097
C4_w60_e050_h100,"$r_s=60,\ \eta=0.50,\ h=1.00$",60,0.5,1.0,349,0.01244895988319941,0.5080407857894897,0.7225252985954285,0.21448451280593872,0.4762459397315979,0.657195508480072,0.18094956874847412,0.4921433627605438,0.6898604035377502,0.19771704077720642,0.12275553494691849,0.4895322918891907,0.3667767569422722,0.1331784725189209,0.38213667273521423,0.24895820021629333,0.1279670037329197,0.43583448231220245,0.30786747857928276,0.9999844535159023,0.14656432577539627
C4_w60_e050_h100,"$r_s=60,\ \eta=0.50,\ h=1.00$",60,0.5,1.0,353,0.010687443863455102,0.5461647510528564,0.7284504771232605,0.18228572607040405,0.5245772004127502,0.664557933807373,0.1399807333946228,0.5353709757328033,0.6965042054653168,0.16113322973251343,0.087225541472435,0.37527814507484436,0.28805260360240936,0.09579610079526901,0.3038898706436157,0.2080937698483467,0.091510821133852,0.33958400785923004,0.24807318672537804,0.9999889369071877,0.13443064008859631
C4_w60_e050_h100,"$r_s=60,\ \eta=0.50,\ h=1.00$",60,0.5,1.0,359,-0.0031944686183856988,0.5566654801368713,0.6656866669654846,0.10902118682861328,0.5189681649208069,0.6188936233520508,0.0999254584312439,0.5378168225288391,0.6422901451587677,0.10447332262992859,0.00972711481153965,0.07539866119623184,0.06567154638469219,0.004914021585136652,0.009652345441281796,0.0047383238561451435,0.007320568198338151,0.04252550331875682,0.03520493512041867,0.9999737663337693,0.14228509763630331
C4_w60_e050_h100,"$r_s=60,\ \eta=0.50,\ h=1.00$",60,0.5,1.0,367,0.016539323187185456,0.6331494450569153,0.8020732402801514,0.16892379522323608,0.5957010388374329,0.7412652373313904,0.14556419849395752,0.6144252419471741,0.7716692388057709,0.1572439968585968,0.21683385968208313,0.48604869842529297,0.26921483874320984,0.17500418424606323,0.35458511114120483,0.1795809268951416,0.19591902196407318,0.4203169047832489,0.22439788281917572,0.999978655114432,0.15115473751038122
C4_w60_e050_h100,"$r_s=60,\ \eta=0.50,\ h=1.00$",60,0.5,1.0,373,0.015084687180811308,0.5224528312683105,0.7710248231887817,0.2485719919204712,0.49221301078796387,0.6948655247688293,0.20265251398086548,0.5073329210281372,0.7329451739788055,0.22561225295066833,0.006716378033161163,0.5192174911499023,0.5125011131167412,0.003922546282410622,0.37451982498168945,0.37059727869927883,0.0053194621577858925,0.4468686580657959,0.44154919590801,0.9999839172215415,0.14307451354673398
C4_w60_e050_h100,"$r_s=60,\ \eta=0.50,\ h=1.00$",60,0.5,1.0,379,-0.0015717341766771976,0.4513169229030609,0.7461717128753662,0.2948547899723053,0.41979873180389404,0.6517659425735474,0.23196721076965332,0.4355578273534775,0.6989688277244568,0.2634110003709793,0.005876908544450998,0.5486118793487549,0.5427349708043039,0.01315664779394865,0.26222288608551025,0.2490662382915616,0.009516778169199824,0.40541738271713257,0.39590060454793274,0.9999801381255724,0.14666769676080538
C4_w60_e050_h100,"$r_s=60,\ \eta=0.50,\ h=1.00$",60,0.5,1.0,383,0.0026050745078517053,0.5286263823509216,0.7721258401870728,0.24349945783615112,0.47171616554260254,0.7238970994949341,0.25218093395233154,0.5001712739467621,0.7480114698410034,0.24784019589424133,0.08901315182447433,0.5511571168899536,0.4621439650654793,0.06068456545472145,0.5267595052719116,0.46607493981719017,0.07484885863959789,0.5389583110809326,0.4641094524413347,0.9999853914082402,0.1473075724799096
C4_w60_e050_h100,"$r_s=60,\ \eta=0.50,\ h=1.00$",60,0.5,1.0,389,0.028929321421095028,0.5765703320503235,0.7532788515090942,0.17670851945877075,0.538424551486969,0.6837982535362244,0.14537370204925537,0.5574974417686462,0.7185385525226593,0.16104111075401306,0.0194880161434412,0.38427600264549255,0.36478798650205135,0.0466720275580883,0.2998523414134979,0.2531803138554096,0.03308002185076475,0.34206417202949524,0.3089841501787305,0.9999810422969253,0.14215226117886648
C4_w60_e050_h100,"$r_s=60,\ \eta=0.50,\ h=1.00$",60,0.5,1.0,397,0.017391464599700455,0.5443223714828491,0.7202348709106445,0.1759124994277954,0.494767963886261,0.6690610647201538,0.17429310083389282,0.519545167684555,0.6946479678153992,0.17510280013084412,0.03323953226208687,0.2580419182777405,0.2248023860156536,0.02204560674726963,0.16312557458877563,0.141079967841506,0.02764256950467825,0.21058374643325806,0.1829411769285798,0.9999876435497077,0.15064518879347863
C2_w50_e050_h125,"$r_s=50,\ \eta=0.50,\ h=1.25$",50,0.5,1.25,227,0.024675107168199914,0.5825515985488892,0.831588864326477,0.2490372657775879,0.5252776741981506,0.7316202521324158,0.20634257793426514,0.5539146363735199,0.7816045582294464,0.2276899218559265,0.1282426118850708,0.6711546182632446,0.5429120063781738,0.07154251635074615,0.4481178820133209,0.37657536566257477,0.09989256411790848,0.5596362501382828,0.4597436860203743,0.9999767929274054,0.16592701205318783
C2_w50_e050_h125,"$r_s=50,\ \eta=0.50,\ h=1.25$",50,0.5,1.25,229,0.005717649881582925,0.5908088684082031,0.7602695226669312,0.16946065425872803,0.5353555083274841,0.691491961479187,0.15613645315170288,0.5630821883678436,0.7258807420730591,0.16279855370521545,0.056385867297649384,0.41613316535949707,0.3597472980618477,0.04750116541981697,0.29120638966560364,0.24370522424578667,0.05194351635873318,0.35366977751255035,0.3017262611538172,0.9999659124978352,0.16646045617189387
C2_w50_e050_h125,"$r_s=50,\ \eta=0.50,\ h=1.25$",50,0.5,1.25,233,0.027009981561444456,0.5066556334495544,0.6865550875663757,0.1798994541168213,0.4779106676578522,0.6030263900756836,0.12511572241783142,0.4922831505537033,0.6447907388210297,0.15250758826732635,0.003681844798848033,0.21459035575389862,0.2109085109550506,0.002142933662980795,0.06581468135118484,0.06367174768820405,0.002912389230914414,0.14020251855254173,0.13729012932162732,0.9999786549663721,0.16912568768474648
C2_w50_e050_h125,"$r_s=50,\ \eta=0.50,\ h=1.25$",50,0.5,1.25,239,0.02451388884408073,0.5567415952682495,0.8833737969398499,0.32663220167160034,0.49124929308891296,0.8460412621498108,0.3547919690608978,0.5239954441785812,0.8647075295448303,0.3407120853662491,0.11594603210687637,0.8149614930152893,0.6990154609084129,0.014529113657772541,0.7769643664360046,0.7624352527782321,0.06523757288232446,0.795962929725647,0.7307253568433225,0.9999638984450525,0.17435009896754383
C2_w50_e050_h125,"$r_s=50,\ \eta=0.50,\ h=1.25$",50,0.5,1.25,241,0.013612805118306228,0.669658362865448,0.8439781665802002,0.1743198037147522,0.5965198278427124,0.7734826803207397,0.17696285247802734,0.6330890953540802,0.80873042345047,0.17564132809638977,0.3440288007259369,0.7383894324302673,0.39436063170433044,0.26789796352386475,0.60970139503479,0.3418034315109253,0.3059633821249008,0.6740454137325287,0.36808203160762787,0.9999489766097802,0.17905611492103637
C2_w50_e050_h125,"$r_s=50,\ \eta=0.50,\ h=1.25$",50,0.5,1.25,251,0.0030273114356526108,0.5585594773292542,0.8043235540390015,0.24576407670974731,0.5153515338897705,0.7290141582489014,0.21366262435913086,0.5369555056095123,0.7666688561439514,0.2297133505344391,0.10244955122470856,0.6184145212173462,0.5159649699926376,0.1239352598786354,0.462751567363739,0.3388163074851036,0.11319240555167198,0.5405830442905426,0.4273906387388706,0.9999716534804737,0.17785160856650545
C2_w50_e050_h125,"$r_s=50,\ \eta=0.50,\ h=1.25$",50,0.5,1.25,257,0.0034049249328056137,0.607110321521759,0.819655179977417,0.21254485845565796,0.5784302949905396,0.7083389163017273,0.12990862131118774,0.5927703082561493,0.7639970481395721,0.17122673988342285,0.06189418584108353,0.6064220666885376,0.5445278808474541,0.04282699152827263,0.2505321204662323,0.20770512893795967,0.05236058868467808,0.42847709357738495,0.37611650489270687,0.9999621274959207,0.16599291838535896
C2_w50_e050_h125,"$r_s=50,\ \eta=0.50,\ h=1.25$",50,0.5,1.25,263,0.018521345593244348,0.5688217878341675,0.6783362030982971,0.10951441526412964,0.5354708433151245,0.6229103803634644,0.08743953704833984,0.552146315574646,0.6506232917308807,0.09847697615623474,0.021605154499411583,0.11577082425355911,0.09416566975414753,0.01752454601228237,0.018322717398405075,0.0007981713861227036,0.019564850255846977,0.0670467708259821,0.04748192057013512,0.9999648029289827,0.16691043841893616
C2_w50_e050_h125,"$r_s=50,\ \eta=0.50,\ h=1.25$",50,0.5,1.25,269,0.013728245655210176,0.5191539525985718,0.7834694385528564,0.26431548595428467,0.48349058628082275,0.6811097860336304,0.19761919975280762,0.5013222694396973,0.7322896122932434,0.23096734285354614,0.12735527753829956,0.6103767156600952,0.48302143812179565,0.11024399846792221,0.3220042288303375,0.2117602303624153,0.11879963800311089,0.46619047224521637,0.3473908342421055,0.9999760026739928,0.18005829011089142
C2_w50_e050_h125,"$r_s=50,\ \eta=0.50,\ h=1.25$",50,0.5,1.25,271,0.02670282237567937,0.6481859683990479,0.8385528326034546,0.19036686420440674,0.5913493633270264,0.7820438742637634,0.19069451093673706,0.6197676658630371,0.810298353433609,0.1905306875705719,0.29965856671333313,0.6767339110374451,0.37707534432411194,0.22794349491596222,0.6083884239196777,0.3804449290037155,0.2638010308146477,0.6425611674785614,0.3787601366639137,0.9999774833778994,0.16234065793860505
C2_w50_e050_h125,"$r_s=50,\ \eta=0.50,\ h=1.25$",50,0.5,1.25,277,0.03617502667628422,0.6004701852798462,0.8441411256790161,0.24367094039916992,0.49272045493125916,0.7757348418235779,0.2830143868923187,0.5465953201055527,0.809937983751297,0.2633426636457443,0.29097163677215576,0.7049151659011841,0.4139435291290283,0.14099626243114471,0.5753419399261475,0.43434567749500275,0.21598394960165024,0.6401285529136658,0.42414460331201553,0.9999546033313039,0.1720892240016659
C2_w50_e050_h125,"$r_s=50,\ \eta=0.50,\ h=1.25$",50,0.5,1.25,281,0.029607438162437567,0.4769901633262634,0.695057213306427,0.21806704998016357,0.4592471122741699,0.6225487589836121,0.16330164670944214,0.4681186378002167,0.6588029861450195,0.19068434834480286,0.008836859837174416,0.1836554855108261,0.1748186256736517,0.0008685965440236032,0.06344665586948395,0.06257805932546034,0.004852728190599009,0.12355107069015503,0.11869834249955602,0.9999768232324456,0.1651381411664331
C2_w50_e050_h125,"$r_s=50,\ \eta=0.50,\ h=1.25$",50,0.5,1.25,283,0.0220318606678023,0.5878691673278809,0.700969398021698,0.11310023069381714,0.5490106344223022,0.6511589884757996,0.10214835405349731,0.5684399008750916,0.6760641932487488,0.10762429237365723,0.005314665846526623,0.1520826667547226,0.14676800090819597,0.007862844504415989,0.06452959775924683,0.05666675325483084,0.006588755175471306,0.10830613225698471,0.1017173770815134,0.9999681056721282,0.16902287812168262
C2_w50_e050_h125,"$r_s=50,\ \eta=0.50,\ h=1.25$",50,0.5,1.25,293,0.02051031454903626,0.6928360462188721,0.8966150879859924,0.20377904176712036,0.5816473960876465,0.8533430099487305,0.271695613861084,0.6372417211532593,0.8749790489673615,0.23773732781410217,0.31088021397590637,0.8383896350860596,0.5275094211101532,0.025829415768384933,0.7941678762435913,0.7683384604752064,0.16835481487214565,0.8162787556648254,0.6479239407926798,0.9999656412730286,0.1721468134554859
C2_w50_e050_h125,"$r_s=50,\ \eta=0.50,\ h=1.25$",50,0.5,1.25,307,0.03284471656738625,0.6914820075035095,0.8636891841888428,0.17220717668533325,0.6289741396903992,0.8059113025665283,0.17693716287612915,0.6602280735969543,0.8348002433776855,0.1745721697807312,0.40503376722335815,0.8153854012489319,0.41035163402557373,0.3935035169124603,0.7172989249229431,0.3237954080104828,0.39926864206790924,0.7663421630859375,0.36707352101802826,0.9999658586477786,0.17337910953744873
C2_w50_e050_h125,"$r_s=50,\ \eta=0.50,\ h=1.25$",50,0.5,1.25,311,0.024137919245074566,0.5597885847091675,0.8394862413406372,0.2796976566314697,0.507688581943512,0.7769989371299744,0.2693103551864624,0.5337385833263397,0.8082425892353058,0.27450400590896606,0.0990990400314331,0.707805335521698,0.6087062954902649,0.034349456429481506,0.6519047617912292,0.6175553053617477,0.0667242482304573,0.6798550486564636,0.6131308004260063,0.9999636543023261,0.15925447412429464
C2_w50_e050_h125,"$r_s=50,\ \eta=0.50,\ h=1.25$",50,0.5,1.25,313,0.025136248825059538,0.6379662156105042,0.8441027402877808,0.2061365246772766,0.5922293663024902,0.7766581773757935,0.18442881107330322,0.6150977909564972,0.8103804588317871,0.19528266787528992,0.36600229144096375,0.7479544878005981,0.3819521963596344,0.36279773712158203,0.6257813572883606,0.26298362016677856,0.3644000142812729,0.6868679225444794,0.3224679082632065,0.9999724404433028,0.17301877598395535
C2_w50_e050_h125,"$r_s=50,\ \eta=0.50,\ h=1.25$",50,0.5,1.25,317,-0.0014678201052575166,0.5924660563468933,0.6762735843658447,0.08380752801895142,0.5415981411933899,0.631973147392273,0.09037500619888306,0.5670320987701416,0.6541233658790588,0.08709126710891724,0.020443100482225418,0.06867211312055588,0.04822901263833046,0.01070245448499918,0.06160660460591316,0.05090415012091398,0.015572777483612299,0.06513935886323452,0.04956658137962222,0.9999722872502604,0.16320348822154057
C2_w50_e050_h125,"$r_s=50,\ \eta=0.50,\ h=1.25$",50,0.5,1.25,331,0.011847561710247959,0.5677652359008789,0.8159077167510986,0.24814248085021973,0.5156236886978149,0.7299465537071228,0.21432286500930786,0.5416944622993469,0.7729271352291107,0.2312326729297638,0.2571735382080078,0.7027944326400757,0.44562089443206787,0.17059208452701569,0.4650713801383972,0.29447929561138153,0.21388281136751175,0.5839329063892365,0.3700500950217247,0.9999841933452284,0.16808425605697336
C2_w50_e050_h125,"$r_s=50,\ \eta=0.50,\ h=1.25$",50,0.5,1.25,337,0.008962659081678597,0.4686720073223114,0.6592873334884644,0.19061532616615295,0.394772469997406,0.5953012704849243,0.2005288004875183,0.4317222386598587,0.6272943019866943,0.19557206332683563,0.067454494535923,0.07560741901397705,0.008152924478054047,0.03573582321405411,0.023802807554602623,-0.011933015659451485,0.051595158874988556,0.04970511328428984,-0.001890045590698719,0.9999638901053758,0.17239423754838878
C2_w50_e050_h125,"$r_s=50,\ \eta=0.50,\ h=1.25$",50,0.5,1.25,347,0.026423422061402163,0.6548708081245422,0.8880504369735718,0.23317962884902954,0.6153116226196289,0.8338103294372559,0.21849870681762695,0.6350912153720856,0.8609303832054138,0.22583916783332825,0.11281508207321167,0.823727548122406,0.7109124660491943,0.10752999782562256,0.7353915572166443,0.6278615593910217,0.11017253994941711,0.7795595526695251,0.669387012720108,0.9999626006683114,0.17539861820358374
C2_w50_e050_h125,"$r_s=50,\ \eta=0.50,\ h=1.25$",50,0.5,1.25,349,-0.003541638512493727,0.5580204725265503,0.8353091478347778,0.27728867530822754,0.49468934535980225,0.757763683795929,0.2630743384361267,0.5263549089431763,0.7965364158153534,0.2701815068721771,0.15931066870689392,0.7539865374565125,0.5946758687496185,0.07976431399583817,0.583459198474884,0.5036948844790459,0.11953749135136604,0.6687228679656982,0.5491853766143322,0.9999773799183752,0.17829576891496612
C2_w50_e050_h125,"$r_s=50,\ \eta=0.50,\ h=1.25$",50,0.5,1.25,353,0.020224715417620314,0.5674265623092651,0.7972551584243774,0.2298285961151123,0.5388759970664978,0.7485693693161011,0.20969337224960327,0.5531512796878815,0.7729122638702393,0.2197609841823578,0.19528965651988983,0.478828489780426,0.2835388332605362,0.16380448639392853,0.3792804479598999,0.21547596156597137,0.17954707145690918,0.42905446887016296,0.24950739741325378,0.9999550398758775,0.1584322165967973
C2_w50_e050_h125,"$r_s=50,\ \eta=0.50,\ h=1.25$",50,0.5,1.25,359,0.01074518399328722,0.5857505202293396,0.7199960350990295,0.13424551486968994,0.5366508960723877,0.6481362581253052,0.11148536205291748,0.5612007081508636,0.6840661466121674,0.12286543846130371,0.029750822111964226,0.2249884456396103,0.19523762352764606,0.017654065042734146,0.04972359165549278,0.032069526612758636,0.023702443577349186,0.13735601864755154,0.11365357507020235,0.9999645405373961,0.1735025932787308
C2_w50_e050_h125,"$r_s=50,\ \eta=0.50,\ h=1.25$",50,0.5,1.25,367,0.036950696899303935,0.6528037786483765,0.8590315580368042,0.20622777938842773,0.6065614223480225,0.8115206360816956,0.2049592137336731,0.6296826004981995,0.8352760970592499,0.20559349656105042,0.2809247374534607,0.7503262162208557,0.469401478767395,0.24987371265888214,0.6840789914131165,0.4342052787542343,0.2653992250561714,0.7172026038169861,0.45180337876081467,0.9999570959680218,0.16898658671397723
C2_w50_e050_h125,"$r_s=50,\ \eta=0.50,\ h=1.25$",50,0.5,1.25,373,0.0387742665832334,0.4280940592288971,0.605054497718811,0.17696043848991394,0.385169118642807,0.5343030095100403,0.14913389086723328,0.40663158893585205,0.5696787536144257,0.1630471646785736,0.004276121035218239,0.025173841044306755,0.020897720009088516,0.006523031275719404,0.0005265872459858656,-0.005996444029733539,0.0053995761554688215,0.01285021414514631,0.007450637989677489,0.9999732984329427,0.1629333437812561
C2_w50_e050_h125,"$r_s=50,\ \eta=0.50,\ h=1.25$",50,0.5,1.25,379,0.011158415761380677,0.5538667440414429,0.8507426977157593,0.2968759536743164,0.49114254117012024,0.7795450091362,0.2884024679660797,0.5225046426057816,0.8151438534259796,0.29263921082019806,0.00808342732489109,0.7940231561660767,0.7859397288411856,0.003497011261060834,0.6988913416862488,0.695394330425188,0.005790219292975962,0.7464572489261627,0.7406670296331868,0.9999674759958195,0.17275607143897567
C2_w50_e050_h125,"$r_s=50,\ \eta=0.50,\ h=1.25$",50,0.5,1.25,383,0.027025485571133,0.49422207474708557,0.7009543180465698,0.20673224329948425,0.438580185174942,0.5875053405761719,0.14892515540122986,0.4664011299610138,0.6442298293113708,0.17782869935035706,0.02699689194560051,0.372810959815979,0.3458140678703785,0.018522582948207855,0.19850212335586548,0.17997954040765762,0.022759737446904182,0.28565654158592224,0.26289680413901806,0.9999737560597138,0.16321339530786186
C2_w50_e050_h125,"$r_s=50,\ \eta=0.50,\ h=1.25$",50,0.5,1.25,389,0.024101739383445005,0.6601748466491699,0.8301193118095398,0.16994446516036987,0.6191549301147461,0.7823636531829834,0.1632087230682373,0.639664888381958,0.8062414824962616,0.1665765941143036,0.41021835803985596,0.7289140820503235,0.31869572401046753,0.3739147186279297,0.6955726146697998,0.3216578960418701,0.3920665383338928,0.7122433483600616,0.3201768100261688,0.9999706488301707,0.16999068723297867
C2_w50_e050_h125,"$r_s=50,\ \eta=0.50,\ h=1.25$",50,0.5,1.25,397,-0.006425295124633581,0.5909123420715332,0.8416607975959778,0.2507484555244446,0.5461878776550293,0.7751975655555725,0.2290096879005432,0.5685501098632812,0.8084291815757751,0.2398790717124939,0.10720360279083252,0.7272062301635742,0.6200026273727417,0.09364011883735657,0.596477746963501,0.5028376281261444,0.10042186081409454,0.6618419885635376,0.561420127749443,0.9999769379519046,0.17137300792104393
